patient_ID,RefSeq_accession_number,value
AO-A12D,NP_057427,0.490373274
AO-A12D,NP_002408,-0.625897588
AO-A12D,NP_000415,-3.056548818
AO-A12D,NP_000413,-3.11369579
AO-A12D,NP_000517,-2.629851423
AO-A12D,NP_004439,9.668177053
AO-A12D,NP_005219,0.402747916
AO-A12D,NP_058519,-3.026070432
AO-A12D,NP_058518,-2.938445075
AO-A12D,NP_001116539,-3.094646799
AO-A12D,NP_061155,2.631479843
AO-A12D,NP_001035932,0.421796907
AO-A12D,NP_077006,0.417987109
AO-A12D,NP_000917,-2.580324047
AO-A12D,NP_065178,0.231306999
AO-A12D,NP_006836,-0.218249185
AO-A12D,NP_006614,-2.03552291
AO-A12D,NP_001784,0.35322054
AO-A12D,NP_006092,0.078915072
AO-A12D,NP_001153651,-7.159701441
AO-A12D,NP_001159403,-0.161102212
AO-A12D,NP_000116,-3.395620854
AO-A12D,NP_004314,-1.227845699
AO-A12D,NP_060601,-0.317303937
AO-A12D,NP_005931,1.736177274
AO-A12D,NP_003003,-2.641280818
AO-A12D,NP_113611,1.233283916
AO-A12D,NP_002002,-3.307995497
AO-A12D,NP_004487,-0.770669919
AO-A12D,NP_008950,-2.229822616
AO-A12D,NP_114172,1.031364613
AO-A12D,NP_001062,-1.433574799
AO-A12D,NP_001444,-0.17408337
AO-A12D,NP_057547,-0.37982826000000003
AO-A12D,NP_054895,-0.1877708
AO-A12D,NP_001246,-0.465886066
AO-A12D,NP_055606,0.84087470499999994
AO-A12D,NP_036451,-1.677401882
AO-A12D,NP_000624,-3.544202983
AO-A12D,NP_001159,-1.989805332
C8-A131,NP_057427,0.764109274
C8-A131,NP_002408,1.743696459
C8-A131,NP_000415,0.65886437
C8-A131,NP_000413,2.496602311
C8-A131,NP_000517,1.172945248
C8-A131,NP_004439,0.197405944
C8-A131,NP_005219,1.245807104
C8-A131,NP_058519,-5.372478214
C8-A131,NP_058518,-5.522249808
C8-A131,NP_001116539,-5.461531594
C8-A131,NP_061155,2.419692574
C8-A131,NP_001035932,-1.223400262
C8-A131,NP_077006,-1.263879071
C8-A131,NP_000917,-1.514847689
C8-A131,NP_065178,2.290160384
C8-A131,NP_006836,2.456123502
C8-A131,NP_006614,2.585655692
C8-A131,NP_001784,1.921803219
C8-A131,NP_006092,1.326764723
C8-A131,NP_001153651,-6.947103895
C8-A131,NP_001159403,0.3552733
C8-A131,NP_000116,-2.251562018
C8-A131,NP_004314,-1.356980333
C8-A131,NP_060601,0.630529203
C8-A131,NP_005931,0.739821988
C8-A131,NP_003003,-0.102137245
C8-A131,NP_113611,0.48480549
C8-A131,NP_002002,1.537254531
C8-A131,NP_004487,-0.595978718
C8-A131,NP_008950,-0.235717316
C8-A131,NP_114172,1.322716842
C8-A131,NP_001062,5.492034198
C8-A131,NP_001444,-0.17408337
C8-A131,NP_057547,-0.37982826000000003
C8-A131,NP_054895,-0.053562674
C8-A131,NP_001246,2.298256146
C8-A131,NP_055606,0.901737225
C8-A131,NP_036451,-1.919635782
C8-A131,NP_000624,-2.312280232
C8-A131,NP_001159,0.865306297
AO-A12B,NP_057427,-1.108806815
AO-A12B,NP_002408,-1.507899053
AO-A12B,NP_000415,-4.121398918
AO-A12B,NP_000413,-3.916309851
AO-A12B,NP_000517,-4.528805578
AO-A12B,NP_004439,-1.49127021
AO-A12B,NP_005219,-2.386456272
AO-A12B,NP_058519,2.025730139
AO-A12B,NP_058518,2.017415717
AO-A12B,NP_001116539,2.050673404
AO-A12B,NP_061155,-1.992906981
AO-A12B,NP_001035932,0.299101914
AO-A12B,NP_077006,0.301873388
AO-A12B,NP_000917,3.829959632
AO-A12B,NP_065178,-0.31893676
AO-A12B,NP_006836,-1.610443586
AO-A12B,NP_006614,-1.125435658
AO-A12B,NP_001784,-1.818304127
AO-A12B,NP_006092,-1.560557057
AO-A12B,NP_001153651,-3.481188453
AO-A12B,NP_001159403,-0.524025827
AO-A12B,NP_000116,3.960218904
AO-A12B,NP_004314,3.048403999
AO-A12B,NP_060601,-0.055646742
AO-A12B,NP_005931,-2.275597317
AO-A12B,NP_003003,-2.588773865
AO-A12B,NP_113611,1.141629972
AO-A12B,NP_002002,-3.389729815
AO-A12B,NP_004487,1.607237584
AO-A12B,NP_008950,-1.635386851
AO-A12B,NP_114172,-2.646974816
AO-A12B,NP_001062,-0.305079391
AO-A12B,NP_001444,-0.17408337
AO-A12B,NP_057547,-0.37982826000000003
AO-A12B,NP_054895,-0.518482879
AO-A12B,NP_001246,-1.064463233
AO-A12B,NP_055606,0.213186224
AO-A12B,NP_036451,-0.360508868
AO-A12B,NP_000624,-1.643701273
AO-A12B,NP_001159,-2.256197
BH-A18Q,NP_057427,-0.179342115
BH-A18Q,NP_002408,-1.46396875
BH-A18Q,NP_000415,2.182497478
BH-A18Q,NP_000413,2.319658135
BH-A18Q,NP_000517,2.399947299
BH-A18Q,NP_004439,-5.187378761
BH-A18Q,NP_005219,-1.922286065
BH-A18Q,NP_058519,-7.70310592
BH-A18Q,NP_058518,-8.218294727
BH-A18Q,NP_001116539,-8.18818629
BH-A18Q,NP_061155,-1.233137402
BH-A18Q,NP_001035932,-4.10682042
BH-A18Q,NP_077006,-4.10682042
BH-A18Q,NP_000917,-6.719563653
BH-A18Q,NP_065178,0.516497312
BH-A18Q,NP_006836,0.181959126
BH-A18Q,NP_006614,1.352842777
BH-A18Q,NP_001784,1.52011187
BH-A18Q,NP_006092,0.014690033
BH-A18Q,NP_001153651,-4.233944931
BH-A18Q,NP_001159403,-1.156193619
BH-A18Q,NP_000116,-5.214141816
BH-A18Q,NP_004314,-1.159539001
BH-A18Q,NP_060601,-1.109358273
BH-A18Q,NP_005931,-0.132506769
BH-A18Q,NP_003003,7.418020091
BH-A18Q,NP_113611,-2.036029048
BH-A18Q,NP_002002,2.282858934
BH-A18Q,NP_004487,-5.548680002
BH-A18Q,NP_008950,-0.480426483
BH-A18Q,NP_114172,-0.590824084
BH-A18Q,NP_001062,1.219027502
BH-A18Q,NP_001444,0.760710188
BH-A18Q,NP_057547,-2.624816256
BH-A18Q,NP_054895,-0.717948595
BH-A18Q,NP_001246,0.539914985
BH-A18Q,NP_055606,0.001308505
BH-A18Q,NP_036451,-0.641004812
BH-A18Q,NP_000624,-0.627623285
BH-A18Q,NP_001159,-0.88856307
C8-A130,NP_057427,0.106156422
C8-A130,NP_002408,1.883845347
C8-A130,NP_000415,-2.639093819
C8-A130,NP_000413,-1.976560308
C8-A130,NP_000517,-1.579696176
C8-A130,NP_004439,-2.960520968
C8-A130,NP_005219,-2.422622474
C8-A130,NP_058519,1.15243459
C8-A130,NP_058518,1.149154721
C8-A130,NP_001116539,1.158994328
C8-A130,NP_061155,0.506300423
C8-A130,NP_001035932,-1.5665767
C8-A130,NP_077006,-1.5665767
C8-A130,NP_000917,-2.186471916
C8-A130,NP_065178,0.211112225
C8-A130,NP_006836,0.555498456
C8-A130,NP_006614,-0.389103777
C8-A130,NP_001784,-0.195591514
C8-A130,NP_006092,0.434143308
C8-A130,NP_001153651,-1.245149551
C8-A130,NP_001159403,0.040559044
C8-A130,NP_000116,-1.953601226
C8-A130,NP_004314,-1.68137211
C8-A130,NP_060601,1.427943575
C8-A130,NP_005931,1.286909214
C8-A130,NP_003003,-0.749889352
C8-A130,NP_113611,0.624375703
C8-A130,NP_002002,0.80476849
C8-A130,NP_004487,1.113076164
C8-A130,NP_008950,0.847406786
C8-A130,NP_114172,0.653894522
C8-A130,NP_001062,-0.152953219
C8-A130,NP_001444,-0.385823908
C8-A130,NP_057547,-2.350465359
C8-A130,NP_054895,1.923203774
C8-A130,NP_001246,-0.080796104
C8-A130,NP_055606,-0.592455647
C8-A130,NP_036451,-0.835165943
C8-A130,NP_000624,-2.540697753
C8-A130,NP_001159,-0.00535912
C8-A138,NP_057427,-0.409316137
C8-A138,NP_002408,0.739025561
C8-A138,NP_000415,0.943825354
C8-A138,NP_000413,1.415596307
C8-A138,NP_000517,1.806910197
C8-A138,NP_004439,-0.504401755
C8-A138,NP_005219,-2.625542471
C8-A138,NP_058519,-5.284282645
C8-A138,NP_058518,-4.907597311
C8-A138,NP_001116539,-5.309882619
C8-A138,NP_061155,1.272967879
C8-A138,NP_001035932,0.329425974
C8-A138,NP_077006,0.329425974
C8-A138,NP_000917,-3.207027599
C8-A138,NP_065178,0.52325435
C8-A138,NP_006836,-1.634457758
C8-A138,NP_006614,-1.440629382
C8-A138,NP_001784,1.232739348
C8-A138,NP_006092,0.014912006
C8-A138,NP_001153651,-1.510115026
C8-A138,NP_001159403,-0.668973018
C8-A138,NP_000116,-3.693427108
C8-A138,NP_004314,0.219711799
C8-A138,NP_060601,0.56714002
C8-A138,NP_005931,0.735368422
C8-A138,NP_003003,-3.748284195
C8-A138,NP_113611,-0.690915853
C8-A138,NP_002002,-0.105773586
C8-A138,NP_004487,0.618339969
C8-A138,NP_008950,-0.17891637
C8-A138,NP_114172,-0.610458791
C8-A138,NP_001062,-0.153316395
C8-A138,NP_001444,2.461538108
C8-A138,NP_057547,-0.248402014
C8-A138,NP_054895,-0.295944823
C8-A138,NP_001246,-2.307371364
C8-A138,NP_055606,4.641193051
C8-A138,NP_036451,-1.79902902
C8-A138,NP_000624,-0.623039476
C8-A138,NP_001159,-2.076971597
E2-A154,NP_057427,-2.742664249
E2-A154,NP_002408,-3.307172106
E2-A154,NP_000415,-5.903908247
E2-A154,NP_000413,-5.218972047
E2-A154,NP_000517,-4.650700805
E2-A154,NP_004439,-3.894260277
E2-A154,NP_005219,-3.284591791
E2-A154,NP_058519,2.861017076
E2-A154,NP_058518,3.098110376
E2-A154,NP_001116539,2.981445419
E2-A154,NP_061155,-2.061491435
E2-A154,NP_001035932,-0.710435964
E2-A154,NP_077006,-0.710435964
E2-A154,NP_000917,4.415295376
E2-A154,NP_065178,0.226647078
E2-A154,NP_006836,-2.622235906
E2-A154,NP_006614,-4.184040976
E2-A154,NP_001784,-1.21472965
E2-A154,NP_006092,-2.012567421
E2-A154,NP_001153651,6.989451203
E2-A154,NP_001159403,-1.579778064
E2-A154,NP_000116,1.735764749
E2-A154,NP_004314,3.327676905
E2-A154,NP_060601,-1.820634749
E2-A154,NP_005931,-0.243776136
E2-A154,NP_003003,-0.879788321
E2-A154,NP_113611,-4.522745691
E2-A154,NP_002002,1.223944292
E2-A154,NP_004487,1.235234449
E2-A154,NP_008950,-1.463113107
E2-A154,NP_114172,-3.860389805
E2-A154,NP_001062,-0.620114707
E2-A154,NP_001444,-6.615188146
E2-A154,NP_057547,-0.202378893
E2-A154,NP_054895,-2.772771334
E2-A154,NP_001246,-6.268956661
E2-A154,NP_055606,1.340609249
E2-A154,NP_036451,1.826086006
E2-A154,NP_000624,-0.623039476
E2-A154,NP_001159,0.395999435
C8-A12L,NP_057427,0.179349249
C8-A12L,NP_002408,-0.692468346
C8-A12L,NP_000415,1.60770449
C8-A12L,NP_000413,-0.07287471
C8-A12L,NP_000517,2.523387121
C8-A12L,NP_004439,0.039529446
C8-A12L,NP_005219,1.445952169
C8-A12L,NP_058519,-4.116682734
C8-A12L,NP_058518,-4.711602288
C8-A12L,NP_001116539,-4.68966977
C8-A12L,NP_061155,2.646757535
C8-A12L,NP_001035932,-1.775386427
C8-A12L,NP_077006,-1.772644862
C8-A12L,NP_000917,-4.821264878
C8-A12L,NP_065178,0.472696678
C8-A12L,NP_006836,0.135484212
C8-A12L,NP_006614,1.632378573
C8-A12L,NP_001784,2.282129422
C8-A12L,NP_006092,1.758490552
C8-A12L,NP_001153651,-3.302438
C8-A12L,NP_001159403,0.741370025
C8-A12L,NP_000116,-3.982346061
C8-A12L,NP_004314,-2.192104271
C8-A12L,NP_060601,0.955212077
C8-A12L,NP_005931,0.269820886
C8-A12L,NP_003003,-3.691740196
C8-A12L,NP_113611,1.149863175
C8-A12L,NP_002002,3.321182467
C8-A12L,NP_004487,-1.27642164
C8-A12L,NP_008950,1.876377837
C8-A12L,NP_114172,2.260196904
C8-A12L,NP_001062,0.113551694
C8-A12L,NP_001444,-0.17408337
C8-A12L,NP_057547,-2.326440944
C8-A12L,NP_054895,1.5446485
C8-A12L,NP_001246,0.557685186
C8-A12L,NP_055606,-0.226402336
C8-A12L,NP_036451,0.894897652
C8-A12L,NP_000624,-1.39705049
C8-A12L,NP_001159,-0.29768302
A2-A0EX,NP_057427,-2.506722746
A2-A0EX,NP_002408,-2.953194175
A2-A0EX,NP_000415,-0.803377966
A2-A0EX,NP_000413,-2.315377848
A2-A0EX,NP_000517,-0.098028145
A2-A0EX,NP_004439,-1.643794774
A2-A0EX,NP_005219,-1.212330788
A2-A0EX,NP_058519,4.186596829
A2-A0EX,NP_058518,3.976492628
A2-A0EX,NP_001116539,3.942725881
A2-A0EX,NP_061155,-2.521730189
A2-A0EX,NP_001035932,0.427232359
A2-A0EX,NP_077006,0.415976777
A2-A0EX,NP_000917,1.545286862
A2-A0EX,NP_065178,1.725376178
A2-A0EX,NP_006836,-1.812628508
A2-A0EX,NP_006614,-2.47670786
A2-A0EX,NP_001784,-0.92343751
A2-A0EX,NP_006092,-1.966454798
A2-A0EX,NP_001153651,-2.037740152
A2-A0EX,NP_001159403,-1.97395852
A2-A0EX,NP_000116,-2.409174367
A2-A0EX,NP_004314,0.115827917
A2-A0EX,NP_060601,-0.882167042
A2-A0EX,NP_005931,0.419728638
A2-A0EX,NP_003003,1.03128194
A2-A0EX,NP_113611,-1.666305938
A2-A0EX,NP_002002,-0.083020702
A2-A0EX,NP_004487,-0.281869322
A2-A0EX,NP_008950,-3.752340515
A2-A0EX,NP_114172,-3.317124668
A2-A0EX,NP_001062,-2.769352998
A2-A0EX,NP_001444,-0.17408337
A2-A0EX,NP_057547,-0.82213727
A2-A0EX,NP_054895,-2.938186732
A2-A0EX,NP_001246,-3.395913743
A2-A0EX,NP_055606,-1.827635951
A2-A0EX,NP_036451,0.082061171
A2-A0EX,NP_000624,0.044542563
A2-A0EX,NP_001159,-3.0469906940000002
AN-A04A,NP_057427,-1.010772607
AN-A04A,NP_002408,0.315314521
AN-A04A,NP_000415,2.403406937
AN-A04A,NP_000413,3.544765509
AN-A04A,NP_000517,3.290763746
AN-A04A,NP_004439,0.038221688
AN-A04A,NP_005219,-1.845349828
AN-A04A,NP_058519,1.928390653
AN-A04A,NP_058518,1.704077408
AN-A04A,NP_001116539,1.8393251
AN-A04A,NP_061155,-0.6281206
AN-A04A,NP_001035932,3.597545097
AN-A04A,NP_077006,3.597545097
AN-A04A,NP_000917,-4.128066973
AN-A04A,NP_065178,-0.357625216
AN-A04A,NP_006836,-1.129526678
AN-A04A,NP_006614,-1.644127652
AN-A04A,NP_001784,1.130099397
AN-A04A,NP_006092,0.608900974
AN-A04A,NP_001153651,2.789357668
AN-A04A,NP_001159403,-0.76996574
AN-A04A,NP_000116,-0.647912945
AN-A04A,NP_004314,0.021728067
AN-A04A,NP_060601,-0.700692532
AN-A04A,NP_005931,0.450562213
AN-A04A,NP_003003,-1.934415382
AN-A04A,NP_113611,-0.29824818
AN-A04A,NP_002002,0.8898123474999999
AN-A04A,NP_004487,-1.944311554
AN-A04A,NP_008950,-2.666732153
AN-A04A,NP_114172,-0.09372728
AN-A04A,NP_001062,-0.22919789299999999
AN-A04A,NP_001444,-0.17408337
AN-A04A,NP_057547,2.004261309
AN-A04A,NP_054895,-1.334047578
AN-A04A,NP_001246,-3.765207311
AN-A04A,NP_055606,1.03773512
AN-A04A,NP_036451,4.267186109
AN-A04A,NP_000624,-0.623039476
AN-A04A,NP_001159,-3.455127236
BH-A0AV,NP_057427,-0.671765924
BH-A0AV,NP_002408,0.418014316
BH-A0AV,NP_000415,1.119792303
BH-A0AV,NP_000413,1.727100176
BH-A0AV,NP_000517,1.43694197
BH-A0AV,NP_004439,-1.532118744
BH-A0AV,NP_005219,-0.169049962
BH-A0AV,NP_058519,-4.787963732
BH-A0AV,NP_058518,-4.922921037
BH-A0AV,NP_001116539,-4.933042835
BH-A0AV,NP_061155,0.137977907
BH-A0AV,NP_001035932,-3.205589329
BH-A0AV,NP_077006,-3.205589329
BH-A0AV,NP_000917,-4.980277892
BH-A0AV,NP_065178,0.418014316
BH-A0AV,NP_006836,-0.05096232
BH-A0AV,NP_006614,1.281741069
BH-A0AV,NP_001784,0.212204425
BH-A0AV,NP_006092,-0.644774463
BH-A0AV,NP_001153651,-3.63070484
BH-A0AV,NP_001159403,-2.230522799
BH-A0AV,NP_000116,-3.701557425
BH-A0AV,NP_004314,-0.283763671
BH-A0AV,NP_060601,-0.810097162
BH-A0AV,NP_005931,2.246685801
BH-A0AV,NP_003003,6.352761811
BH-A0AV,NP_113611,1.028696122
BH-A0AV,NP_002002,0.8898123474999999
BH-A0AV,NP_004487,-2.756856289
BH-A0AV,NP_008950,-2.318245047
BH-A0AV,NP_114172,-0.992289524
BH-A0AV,NP_001062,-0.22919789299999999
BH-A0AV,NP_001444,-0.17408337
BH-A0AV,NP_057547,-2.011217178
BH-A0AV,NP_054895,-0.681887722
BH-A0AV,NP_001246,-1.663702117
BH-A0AV,NP_055606,-1.548988408
BH-A0AV,NP_036451,-2.291253586
BH-A0AV,NP_000624,-0.623039476
BH-A0AV,NP_001159,0.573215216
C8-A12T,NP_057427,0.203076551
C8-A12T,NP_002408,-0.451414567
C8-A12T,NP_000415,0.534572053
C8-A12T,NP_000413,-0.502413875
C8-A12T,NP_000517,-0.349415951
C8-A12T,NP_004439,-1.016656896
C8-A12T,NP_005219,-3.022629674
C8-A12T,NP_058519,-2.984380193
C8-A12T,NP_058518,-2.83138227
C8-A12T,NP_001116539,-2.899381347
C8-A12T,NP_061155,-0.940157934
C8-A12T,NP_001035932,1.490809076
C8-A12T,NP_077006,1.490809076
C8-A12T,NP_000917,-0.527913529
C8-A12T,NP_065178,-1.4204014170000001
C8-A12T,NP_006836,-0.553413183
C8-A12T,NP_006614,-1.994143631
C8-A12T,NP_001784,-1.377901994
C8-A12T,NP_006092,0.147827301
C8-A12T,NP_001153651,0.538821995
C8-A12T,NP_001159403,1.563058096
C8-A12T,NP_000116,-1.620148707
C8-A12T,NP_004314,-1.284403263
C8-A12T,NP_060601,0.449573206
C8-A12T,NP_005931,2.162299964
C8-A12T,NP_003003,1.707556135
C8-A12T,NP_113611,1.945552905
C8-A12T,NP_002002,-3.184127483
C8-A12T,NP_004487,0.313575052
C8-A12T,NP_008950,3.088787391
C8-A12T,NP_114172,-0.162418489
C8-A12T,NP_001062,0.424073552
C8-A12T,NP_001444,5.345506766
C8-A12T,NP_057547,-0.387665432
C8-A12T,NP_054895,0.135077474
C8-A12T,NP_001246,0.186076782
C8-A12T,NP_055606,-0.108922292
C8-A12T,NP_036451,-6.371584227
C8-A12T,NP_000624,-2.725133711
C8-A12T,NP_001159,1.452559595
A8-A06Z,NP_057427,0.717278097
A8-A06Z,NP_002408,-0.059649689
A8-A06Z,NP_000415,-1.185145076
A8-A06Z,NP_000413,-1.605106041
A8-A06Z,NP_000517,-0.926869082
A8-A06Z,NP_004439,-1.672299796
A8-A06Z,NP_005219,0.215424743
A8-A06Z,NP_058519,3.650705439
A8-A06Z,NP_058518,3.346233739
A8-A06Z,NP_001116539,3.432325737
A8-A06Z,NP_061155,0.097835673
A8-A06Z,NP_001035932,0.889462092
A8-A06Z,NP_077006,0.889462092
A8-A06Z,NP_000917,0.360311276
A8-A06Z,NP_065178,-0.805080402
A8-A06Z,NP_006836,-0.368320998
A8-A06Z,NP_006614,-0.131043053
A8-A06Z,NP_001784,0.515696833
A8-A06Z,NP_006092,0.30991596
A8-A06Z,NP_001153651,1.783978948
A8-A06Z,NP_001159403,0.461101908
A8-A06Z,NP_000116,2.174542646
A8-A06Z,NP_004314,-0.760984501
A8-A06Z,NP_060601,0.261620449
A8-A06Z,NP_005931,-0.385119437
A8-A06Z,NP_003003,-1.514814434
A8-A06Z,NP_113611,1.16663633
A8-A06Z,NP_002002,-2.726401818
A8-A06Z,NP_004487,-0.878573571
A8-A06Z,NP_008950,-0.578301481
A8-A06Z,NP_114172,0.807569704
A8-A06Z,NP_001062,-1.237640197
A8-A06Z,NP_001444,1.601295929
A8-A06Z,NP_057547,1.790278363
A8-A06Z,NP_054895,0.584990393
A8-A06Z,NP_001246,-0.607698749
A8-A06Z,NP_055606,-0.108922292
A8-A06Z,NP_036451,1.981360602
A8-A06Z,NP_000624,-0.623039476
A8-A06Z,NP_001159,-0.061749494
A2-A0CM,NP_057427,2.160157445
A2-A0CM,NP_002408,2.62302061
A2-A0CM,NP_000415,4.768354646
A2-A0CM,NP_000413,0.63932133
A2-A0CM,NP_000517,4.933662919
A2-A0CM,NP_004439,-4.419111833
A2-A0CM,NP_005219,-0.271710932
A2-A0CM,NP_058519,-6.013418291
A2-A0CM,NP_058518,-6.013418291
A2-A0CM,NP_001116539,-6.318320217
A2-A0CM,NP_061155,2.277709995
A2-A0CM,NP_001035932,-4.029719011
A2-A0CM,NP_077006,-4.029719011
A2-A0CM,NP_000917,-6.509343111
A2-A0CM,NP_065178,1.906684759
A2-A0CM,NP_006836,2.215260203
A2-A0CM,NP_006614,-1.601524152
A2-A0CM,NP_001784,1.63117097
A2-A0CM,NP_006092,2.013216757
A2-A0CM,NP_001153651,-6.395464078
A2-A0CM,NP_001159403,0.584218573
A2-A0CM,NP_000116,-4.937077756
A2-A0CM,NP_004314,-0.433345688
A2-A0CM,NP_060601,3.126292464
A2-A0CM,NP_005931,-1.182743193
A2-A0CM,NP_003003,0.286663681
A2-A0CM,NP_113611,0.980958428
A2-A0CM,NP_002002,1.509944903
A2-A0CM,NP_004487,-4.433805902
A2-A0CM,NP_008950,2.549550266
A2-A0CM,NP_114172,2.733226126
A2-A0CM,NP_001062,0.896467533
A2-A0CM,NP_001444,1.576068212
A2-A0CM,NP_057547,-1.292948709
A2-A0CM,NP_054895,3.541399906
A2-A0CM,NP_001246,3.177721705
A2-A0CM,NP_055606,-0.108922292
A2-A0CM,NP_036451,-1.792547046
A2-A0CM,NP_000624,-0.623039476
A2-A0CM,NP_001159,2.516488612
BH-A18U,NP_057427,-0.375481849
BH-A18U,NP_002408,-1.951925947
BH-A18U,NP_000415,-5.195183552
BH-A18U,NP_000413,-4.221202166
BH-A18U,NP_000517,-3.096605102
BH-A18U,NP_004439,3.322969805
BH-A18U,NP_005219,-1.657388621
BH-A18U,NP_058519,-6.359944797
BH-A18U,NP_058518,-5.211918627
BH-A18U,NP_001116539,-6.359944797
BH-A18U,NP_061155,-0.850757989
BH-A18U,NP_001035932,0.551641326
BH-A18U,NP_077006,0.551641326
BH-A18U,NP_000917,-0.65997813
BH-A18U,NP_065178,0.558335356
BH-A18U,NP_006836,0.079712201
BH-A18U,NP_006614,1.006835376
BH-A18U,NP_001784,-2.276586409
BH-A18U,NP_006092,1.281290612
BH-A18U,NP_001153651,8.403738684
BH-A18U,NP_001159403,0.370902512
BH-A18U,NP_000116,-1.82808639
BH-A18U,NP_004314,-0.42234006
BH-A18U,NP_060601,-3.019623755
BH-A18U,NP_005931,1.241126431
BH-A18U,NP_003003,-2.681575233
BH-A18U,NP_113611,-0.151231839
BH-A18U,NP_002002,0.541600281
BH-A18U,NP_004487,-0.539485587
BH-A18U,NP_008950,0.52151819
BH-A18U,NP_114172,0.953283135
BH-A18U,NP_001062,-0.141190794
BH-A18U,NP_001444,-0.17408337
BH-A18U,NP_057547,-1.801310269
BH-A18U,NP_054895,0.996794331
BH-A18U,NP_001246,-1.941884902
BH-A18U,NP_055606,-0.108922292
BH-A18U,NP_036451,-0.425895892
BH-A18U,NP_000624,-1.319340099
BH-A18U,NP_001159,1.274596581
A2-A0EQ,NP_057427,-0.020957303
A2-A0EQ,NP_002408,1.884935665
A2-A0EQ,NP_000415,-7.407249328
A2-A0EQ,NP_000413,-7.67514593
A2-A0EQ,NP_000517,-5.187534626
A2-A0EQ,NP_004439,-2.79560068
A2-A0EQ,NP_005219,7.158671628
A2-A0EQ,NP_058519,-9.114133392
A2-A0EQ,NP_058518,-8.762040715
A2-A0EQ,NP_001116539,-9.573384709
A2-A0EQ,NP_061155,-0.859090958
A2-A0EQ,NP_001035932,-1.241800389
A2-A0EQ,NP_077006,-1.241800389
A2-A0EQ,NP_000917,-7.047502462
A2-A0EQ,NP_065178,1.961477551
A2-A0EQ,NP_006836,0.863101483
A2-A0EQ,NP_006614,1.842837627
A2-A0EQ,NP_001784,-0.369222886
A2-A0EQ,NP_006092,0.26607477
A2-A0EQ,NP_001153651,-3.055843094
A2-A0EQ,NP_001159403,-0.836128392
A2-A0EQ,NP_000116,-6.30887326
A2-A0EQ,NP_004314,-0.686871714
A2-A0EQ,NP_060601,0.162743224
A2-A0EQ,NP_005931,-2.791773586
A2-A0EQ,NP_003003,-5.55493568
A2-A0EQ,NP_113611,0.047930394
A2-A0EQ,NP_002002,3.38898373
A2-A0EQ,NP_004487,0.063238772
A2-A0EQ,NP_008950,0.545452655
A2-A0EQ,NP_114172,-0.273545528
A2-A0EQ,NP_001062,1.460128196
A2-A0EQ,NP_001444,-0.17408337
A2-A0EQ,NP_057547,-1.410192539
A2-A0EQ,NP_054895,0.702363522
A2-A0EQ,NP_001246,-1.40253835
A2-A0EQ,NP_055606,-0.108922292
A2-A0EQ,NP_036451,-0.425895892
A2-A0EQ,NP_000624,1.934687891
A2-A0EQ,NP_001159,0.79804088
AR-A0U4,NP_057427,0.585788954
AR-A0U4,NP_002408,3.344291088
AR-A0U4,NP_000415,-4.561612086
AR-A0U4,NP_000413,-4.94323493
AR-A0U4,NP_000517,-3.236449296
AR-A0U4,NP_004439,-4.777965195
AR-A0U4,NP_005219,4.263791799
AR-A0U4,NP_058519,-5.63736782
AR-A0U4,NP_058518,-5.670421767
AR-A0U4,NP_001116539,-5.703475714
AR-A0U4,NP_061155,-0.147407691
AR-A0U4,NP_001035932,-2.229806361
AR-A0U4,NP_077006,-2.229806361
AR-A0U4,NP_000917,-6.012980856
AR-A0U4,NP_065178,1.054554023
AR-A0U4,NP_006836,1.27691694
AR-A0U4,NP_006614,-0.589128621
AR-A0U4,NP_001784,1.643515262
AR-A0U4,NP_006092,0.73002436
AR-A0U4,NP_001153651,-6.040024994
AR-A0U4,NP_001159403,-1.223163425
AR-A0U4,NP_000116,-4.149940199
AR-A0U4,NP_004314,-1.382423353
AR-A0U4,NP_060601,0.249239674
AR-A0U4,NP_005931,-2.512267364
AR-A0U4,NP_003003,1.460216101
AR-A0U4,NP_113611,5.012012966
AR-A0U4,NP_002002,5.54087612
AR-A0U4,NP_004487,-2.461183991
AR-A0U4,NP_008950,2.100260714
AR-A0U4,NP_114172,-0.934692614
AR-A0U4,NP_001062,3.374340131
AR-A0U4,NP_001444,-0.17408337
AR-A0U4,NP_057547,1.309970887
AR-A0U4,NP_054895,1.036524597
AR-A0U4,NP_001246,1.928981169
AR-A0U4,NP_055606,-0.108922292
AR-A0U4,NP_036451,-0.425895892
AR-A0U4,NP_000624,-0.623039476
AR-A0U4,NP_001159,0.702980221
AO-A0J9,NP_057427,-1.40514937
AO-A0J9,NP_002408,-1.397097639
AO-A0J9,NP_000415,-2.049287865
AO-A0J9,NP_000413,-2.234477682
AO-A0J9,NP_000517,-1.115287047
AO-A0J9,NP_004439,-3.406004569
AO-A0J9,NP_005219,-2.327072591
AO-A0J9,NP_058519,2.274491781
AO-A0J9,NP_058518,2.528121314
AO-A0J9,NP_001116539,2.455655733
AO-A0J9,NP_061155,-2.367331246
AO-A0J9,NP_001035932,-0.748933278
AO-A0J9,NP_077006,-0.748933278
AO-A0J9,NP_000917,1.65450848
AO-A0J9,NP_065178,1.449189335
AO-A0J9,NP_006836,-1.852020451
AO-A0J9,NP_006614,-2.80212473
AO-A0J9,NP_001784,-1.868123913
AO-A0J9,NP_006092,-1.328657924
AO-A0J9,NP_001153651,2.548250642
AO-A0J9,NP_001159403,-2.898745505
AO-A0J9,NP_000116,1.565939437
AO-A0J9,NP_004314,1.251921921
AO-A0J9,NP_060601,-0.169208633
AO-A0J9,NP_005931,1.485422125
AO-A0J9,NP_003003,-2.343176053
AO-A0J9,NP_113611,0.716481797
AO-A0J9,NP_002002,2.045017443
AO-A0J9,NP_004487,0.833231899
AO-A0J9,NP_008950,-3.643530639
AO-A0J9,NP_114172,-1.099183585
AO-A0J9,NP_001062,-1.819813526
AO-A0J9,NP_001444,-0.17408337
AO-A0J9,NP_057547,1.465292797
AO-A0J9,NP_054895,-1.634623709
AO-A0J9,NP_001246,-0.6405220415
AO-A0J9,NP_055606,-0.108922292
AO-A0J9,NP_036451,-0.905942037
AO-A0J9,NP_000624,0.732585259
AO-A0J9,NP_001159,-2.000977478
AR-A1AP,NP_057427,-2.509488288
AR-A1AP,NP_002408,-3.610008016
AR-A1AP,NP_000415,-2.575684963
AR-A1AP,NP_000413,-1.950953839
AR-A1AP,NP_000517,-0.089172343
AR-A1AP,NP_004439,-3.862382841
AR-A1AP,NP_005219,-3.175592334
AR-A1AP,NP_058519,-1.028337675
AR-A1AP,NP_058518,-0.982827461
AR-A1AP,NP_001116539,-1.007651214
AR-A1AP,NP_061155,-2.521900164
AR-A1AP,NP_001035932,-0.515313441
AR-A1AP,NP_077006,-0.515313441
AR-A1AP,NP_000917,-3.9906389
AR-A1AP,NP_065178,1.454037653
AR-A1AP,NP_006836,-0.974552876
AR-A1AP,NP_006614,0.667952132
AR-A1AP,NP_001784,-1.363458345
AR-A1AP,NP_006092,-3.212827964
AR-A1AP,NP_001153651,-1.015925799
AR-A1AP,NP_001159403,-0.912493493
AR-A1AP,NP_000116,-0.937317247
AR-A1AP,NP_004314,-0.486352395
AR-A1AP,NP_060601,-1.760638397
AR-A1AP,NP_005931,0.581068996
AR-A1AP,NP_003003,-1.119358104
AR-A1AP,NP_113611,0.932738834
AR-A1AP,NP_002002,1.305095133
AR-A1AP,NP_004487,-0.180192772
AR-A1AP,NP_008950,-2.207465956
AR-A1AP,NP_114172,-2.923217509
AR-A1AP,NP_001062,-2.070935313
AR-A1AP,NP_001444,-0.17408337
AR-A1AP,NP_057547,0.622441918
AR-A1AP,NP_054895,-2.75772582
AR-A1AP,NP_001246,-3.854108257
AR-A1AP,NP_055606,-1.102808935
AR-A1AP,NP_036451,-0.039524836
AR-A1AP,NP_000624,-3.01837523
AR-A1AP,NP_001159,-2.604646008
AN-A0FK,NP_057427,-1.381394381
AN-A0FK,NP_002408,-4.62044036
AN-A0FK,NP_000415,-3.169128695
AN-A0FK,NP_000413,-3.341251912
AN-A0FK,NP_000517,-2.187243985
AN-A0FK,NP_004439,-4.037568559
AN-A0FK,NP_005219,-3.266925977
AN-A0FK,NP_058519,2.413140159
AN-A0FK,NP_058518,2.745650917
AN-A0FK,NP_001116539,2.733915244
AN-A0FK,NP_061155,-2.977446023
AN-A0FK,NP_001035932,1.423431665
AN-A0FK,NP_077006,1.423431665
AN-A0FK,NP_000917,4.58815171
AN-A0FK,NP_065178,-0.30562428
AN-A0FK,NP_006836,-3.008741153
AN-A0FK,NP_006614,-2.496283396
AN-A0FK,NP_001784,-0.192179433
AN-A0FK,NP_006092,-2.578433112
AN-A0FK,NP_001153651,7.995409013
AN-A0FK,NP_001159403,-2.01903266
AN-A0FK,NP_000116,2.002391575
AN-A0FK,NP_004314,0.351573455
AN-A0FK,NP_060601,-3.278661651
AN-A0FK,NP_005931,2.127572095
AN-A0FK,NP_003003,-3.630731866
AN-A0FK,NP_113611,-1.048883623
AN-A0FK,NP_002002,-2.504107178
AN-A0FK,NP_004487,1.290427362
AN-A0FK,NP_008950,-2.711437416
AN-A0FK,NP_114172,-3.482079998
AN-A0FK,NP_001062,-1.893852139
AN-A0FK,NP_001444,-0.17408337
AN-A0FK,NP_057547,0.425899389
AN-A0FK,NP_054895,-2.35545531
AN-A0FK,NP_001246,-5.461496985
AN-A0FK,NP_055606,-0.141324846
AN-A0FK,NP_036451,-0.035703782
AN-A0FK,NP_000624,0.821000408
AN-A0FK,NP_001159,-2.531490417
AO-A0J6,NP_057427,-0.075089966
AO-A0J6,NP_002408,-1.159168275
AO-A0J6,NP_000415,0.650452028
AO-A0J6,NP_000413,0.498003515
AO-A0J6,NP_000517,0.66174451
AO-A0J6,NP_004439,-2.062566865
AO-A0J6,NP_005219,-0.394102593
AO-A0J6,NP_058519,-1.015189124
AO-A0J6,NP_058518,-0.893794939
AO-A0J6,NP_001116539,-0.913556783
AO-A0J6,NP_061155,-2.401341337
AO-A0J6,NP_001035932,-1.08859026
AO-A0J6,NP_077006,-1.08859026
AO-A0J6,NP_000917,0.819839263
AO-A0J6,NP_065178,0.356847486
AO-A0J6,NP_006836,0.111235994
AO-A0J6,NP_006614,0.650452028
AO-A0J6,NP_001784,-1.018012245
AO-A0J6,NP_006092,-2.08515183
AO-A0J6,NP_001153651,2.242692044
AO-A0J6,NP_001159403,-1.255154375
AO-A0J6,NP_000116,0.125351597
AO-A0J6,NP_004314,-0.498558055
AO-A0J6,NP_060601,-1.667329982
AO-A0J6,NP_005931,-0.09767493
AO-A0J6,NP_003003,5.819585839
AO-A0J6,NP_113611,1.158613735
AO-A0J6,NP_002002,0.263684506
AO-A0J6,NP_004487,-0.385633231
AO-A0J6,NP_008950,-3.109944606
AO-A0J6,NP_114172,-0.611482879
AO-A0J6,NP_001062,-1.616513811
AO-A0J6,NP_001444,-0.17408337
AO-A0J6,NP_057547,-0.577605432
AO-A0J6,NP_054895,-2.003281333
AO-A0J6,NP_001246,-4.278716533
AO-A0J6,NP_055606,-0.125906136
AO-A0J6,NP_036451,-3.451542199
AO-A0J6,NP_000624,-0.176722307
AO-A0J6,NP_001159,-0.859917491
A7-A13F,NP_057427,0.73680908
A7-A13F,NP_002408,0.371207719
A7-A13F,NP_000415,-1.336271165
A7-A13F,NP_000413,-2.308529729
A7-A13F,NP_000517,-0.641226819
A7-A13F,NP_004439,-2.300494535
A7-A13F,NP_005219,-2.336652911
A7-A13F,NP_058519,-2.513427195
A7-A13F,NP_058518,-2.513427195
A7-A13F,NP_001116539,-2.53753278
A7-A13F,NP_061155,0.913583364
A7-A13F,NP_001035932,2.761678156
A7-A13F,NP_077006,2.761678156
A7-A13F,NP_000917,-0.179203121
A7-A13F,NP_065178,0.32299655
A7-A13F,NP_006836,0.102028695
A7-A13F,NP_006614,-4.092342963
A7-A13F,NP_001784,-0.504628509
A7-A13F,NP_006092,0.79707304
A7-A13F,NP_001153651,1.849683552
A7-A13F,NP_001159403,1.628715696
A7-A13F,NP_000116,-2.758500635
A7-A13F,NP_004314,3.838394252
A7-A13F,NP_060601,1.785401994
A7-A13F,NP_005931,1.496134983
A7-A13F,NP_003003,-2.360758495
A7-A13F,NP_113611,0.314961355
A7-A13F,NP_002002,0.8898123474999999
A7-A13F,NP_004487,-0.725596364
A7-A13F,NP_008950,3.022821985
A7-A13F,NP_114172,1.291237517
A7-A13F,NP_001062,1.158656804
A7-A13F,NP_001444,-3.618266473
A7-A13F,NP_057547,2.850065298
A7-A13F,NP_054895,0.407366095
A7-A13F,NP_001246,0.704668301
A7-A13F,NP_055606,0.572087587
A7-A13F,NP_036451,2.323760042
A7-A13F,NP_000624,-0.938529025
A7-A13F,NP_001159,0.310943758
BH-A0E1,NP_057427,1.078860307
BH-A0E1,NP_002408,-0.95657335
BH-A0E1,NP_000415,-1.295088969
BH-A0E1,NP_000413,-2.024199533
BH-A0E1,NP_000517,-0.49219936
BH-A0E1,NP_004439,-2.566692512
BH-A0E1,NP_005219,-0.778635653
BH-A0E1,NP_058519,-4.697604934
BH-A0E1,NP_058518,-4.741004372
BH-A0E1,NP_001116539,-4.810443473
BH-A0E1,NP_061155,1.070180419
BH-A0E1,NP_001035932,0.644865924
BH-A0E1,NP_077006,0.644865924
BH-A0E1,NP_000917,3.995302562
BH-A0E1,NP_065178,0.302010361
BH-A0E1,NP_006836,0.150112327
BH-A0E1,NP_006614,0.853183228
BH-A0E1,NP_001784,-0.014805539
BH-A0E1,NP_006092,1.62569323
BH-A0E1,NP_001153651,4.303438574
BH-A0E1,NP_001159403,1.235098285
BH-A0E1,NP_000116,-2.831429086
BH-A0E1,NP_004314,4.017002281
BH-A0E1,NP_060601,0.501647777
BH-A0E1,NP_005931,-1.425287284
BH-A0E1,NP_003003,5.779019477
BH-A0E1,NP_113611,1.690792387
BH-A0E1,NP_002002,0.8898123474999999
BH-A0E1,NP_004487,-0.249162506
BH-A0E1,NP_008950,-0.053865033
BH-A0E1,NP_114172,1.222078453
BH-A0E1,NP_001062,0.245591091
BH-A0E1,NP_001444,-0.665797114
BH-A0E1,NP_057547,-0.795995429
BH-A0E1,NP_054895,0.614486317
BH-A0E1,NP_001246,-1.008652676
BH-A0E1,NP_055606,-2.345355377
BH-A0E1,NP_036451,3.101274133
BH-A0E1,NP_000624,1.183018959
BH-A0E1,NP_001159,1.434735701
A7-A0CE,NP_057427,1.761672557
A7-A0CE,NP_002408,-0.583448134
A7-A0CE,NP_000415,5.542903496
A7-A0CE,NP_000413,6.038440438
A7-A0CE,NP_000517,2.080457469
A7-A0CE,NP_004439,-3.099008283
A7-A0CE,NP_005219,-1.009546779
A7-A0CE,NP_058519,-3.71764039
A7-A0CE,NP_058518,-3.556669791
A7-A0CE,NP_001116539,-3.556669791
A7-A0CE,NP_061155,1.777453988
A7-A0CE,NP_001035932,-4.36783536
A7-A0CE,NP_077006,-4.320491066
A7-A0CE,NP_000917,-3.76814097
A7-A0CE,NP_065178,-0.204693783
A7-A0CE,NP_006836,1.221947606
A7-A0CE,NP_006614,4.76330079
A7-A0CE,NP_001784,-0.48560326
A7-A0CE,NP_006092,1.840579713
A7-A0CE,NP_001153651,-3.402011764
A7-A0CE,NP_001159403,0.656972366
A7-A0CE,NP_000116,-3.74289068
A7-A0CE,NP_004314,2.481305824
A7-A0CE,NP_060601,0.593846641
A7-A0CE,NP_005931,-2.186841554
A7-A0CE,NP_003003,2.272990931
A7-A0CE,NP_113611,1.446043931
A7-A0CE,NP_002002,1.322948766
A7-A0CE,NP_004487,-4.333116211
A7-A0CE,NP_008950,1.016788999
A7-A0CE,NP_114172,3.866915492
A7-A0CE,NP_001062,0.549658633
A7-A0CE,NP_001444,2.929498473
A7-A0CE,NP_057547,-3.32941718
A7-A0CE,NP_054895,1.922643156
A7-A0CE,NP_001246,2.935811045
A7-A0CE,NP_055606,-0.108922292
A7-A0CE,NP_036451,-2.253123566
A7-A0CE,NP_000624,-3.430418341
A7-A0CE,NP_001159,0.997851282
A2-A0YC,NP_057427,-0.270496373
A2-A0YC,NP_002408,-1.509795708
A2-A0YC,NP_000415,-1.72292362
A2-A0YC,NP_000413,-1.371657247
A2-A0YC,NP_000517,-1.324295489
A2-A0YC,NP_004439,-2.587275704
A2-A0YC,NP_005219,-3.854202731
A2-A0YC,NP_058519,4.663020089
A2-A0YC,NP_058518,4.663020089
A2-A0YC,NP_001116539,4.686700968
A2-A0YC,NP_061155,-0.996709996
A2-A0YC,NP_001035932,-0.905933293
A2-A0YC,NP_077006,-0.870411975
A2-A0YC,NP_000917,3.597380533
A2-A0YC,NP_065178,0.459664063
A2-A0YC,NP_006836,-0.673071316
A2-A0YC,NP_006614,-1.470327577
A2-A0YC,NP_001784,-1.72292362
A2-A0YC,NP_006092,-0.641496811
A2-A0YC,NP_001153651,5.697085139
A2-A0YC,NP_001159403,-0.459943405
A2-A0YC,NP_000116,0.04524868
A2-A0YC,NP_004314,0.447823624
A2-A0YC,NP_060601,0.54254714
A2-A0YC,NP_005931,3.26979504
A2-A0YC,NP_003003,-2.413615924
A2-A0YC,NP_113611,-1.280880545
A2-A0YC,NP_002002,1.075366918
A2-A0YC,NP_004487,1.304282082
A2-A0YC,NP_008950,-2.003147355
A2-A0YC,NP_114172,-0.925667359
A2-A0YC,NP_001062,-1.190103842
A2-A0YC,NP_001444,-1.620306477
A2-A0YC,NP_057547,3.005358558
A2-A0YC,NP_054895,-1.517689335
A2-A0YC,NP_001246,-1.288774171
A2-A0YC,NP_055606,-0.108922292
A2-A0YC,NP_036451,1.406899224
A2-A0YC,NP_000624,1.777899662
A2-A0YC,NP_001159,-2.879339878
AO-A0JC,NP_057427,-2.308411653
AO-A0JC,NP_002408,-2.479849293
AO-A0JC,NP_000415,-4.512164585
AO-A0JC,NP_000413,-3.0128645
AO-A0JC,NP_000517,-3.736019635
AO-A0JC,NP_004439,-1.931248846
AO-A0JC,NP_005219,-2.87259734
AO-A0JC,NP_058519,3.458127135
AO-A0JC,NP_058518,3.645150015
AO-A0JC,NP_001116539,3.710608023
AO-A0JC,NP_061155,-3.224823764
AO-A0JC,NP_001035932,1.254374203
AO-A0JC,NP_077006,1.282427635
AO-A0JC,NP_000917,-1.644480431
AO-A0JC,NP_065178,1.298012875
AO-A0JC,NP_006836,-1.850205598
AO-A0JC,NP_006614,-5.070116176
AO-A0JC,NP_001784,1.338534499
AO-A0JC,NP_006092,-1.644480431
AO-A0JC,NP_001153651,3.230582632
AO-A0JC,NP_001159403,-2.25230479
AO-A0JC,NP_000116,3.271104255
AO-A0JC,NP_004314,2.03675325
AO-A0JC,NP_060601,-0.936910536
AO-A0JC,NP_005931,-2.592063021
AO-A0JC,NP_003003,-2.292826413
AO-A0JC,NP_113611,-0.09219053
AO-A0JC,NP_002002,-4.066426722
AO-A0JC,NP_004487,0.185226742
AO-A0JC,NP_008950,-3.019098596
AO-A0JC,NP_114172,-0.5339927505
AO-A0JC,NP_001062,2.710035617
AO-A0JC,NP_001444,-0.17408337
AO-A0JC,NP_057547,1.796740554
AO-A0JC,NP_054895,-3.025332692
AO-A0JC,NP_001246,-0.6405220415
AO-A0JC,NP_055606,0.437707629
AO-A0JC,NP_036451,-0.06102005
AO-A0JC,NP_000624,2.289234137
AO-A0JC,NP_001159,-0.033554307
A8-A08Z,NP_057427,-0.409160499
A8-A08Z,NP_002408,-2.61963663
A8-A08Z,NP_000415,-5.922811658
A8-A08Z,NP_000413,-4.127919371
A8-A08Z,NP_000517,-3.855640301
A8-A08Z,NP_004439,-3.826979346
A8-A08Z,NP_005219,-5.435575428
A8-A08Z,NP_058519,3.058815019
A8-A08Z,NP_058518,3.108971689
A8-A08Z,NP_001116539,3.155545741
A8-A08Z,NP_061155,-1.294067475
A8-A08Z,NP_001035932,-1.043284122
A8-A08Z,NP_077006,-1.046866741
A8-A08Z,NP_000917,2.67547475
A8-A08Z,NP_065178,0.67637316
A8-A08Z,NP_006836,-1.451702726
A8-A08Z,NP_006614,-4.56499893
A8-A08Z,NP_001784,-3.723083385
A8-A08Z,NP_006092,-0.043733327
A8-A08Z,NP_001153651,-2.766524023
A8-A08Z,NP_001159403,-3.16061215
A8-A08Z,NP_000116,-0.491560744
A8-A08Z,NP_004314,0.862669365
A8-A08Z,NP_060601,-2.730697829
A8-A08Z,NP_005931,1.600688949
A8-A08Z,NP_003003,-2.709202113
A8-A08Z,NP_113611,0.099571447
A8-A08Z,NP_002002,0.199884788
A8-A08Z,NP_004487,1.521871323
A8-A08Z,NP_008950,-2.702036875
A8-A08Z,NP_114172,-0.5339927505
A8-A08Z,NP_001062,0.060162634
A8-A08Z,NP_001444,-0.17408337
A8-A08Z,NP_057547,1.009556758
A8-A08Z,NP_054895,-1.469615823
A8-A08Z,NP_001246,-0.6405220415
A8-A08Z,NP_055606,-0.563213131
A8-A08Z,NP_036451,-3.991779836
A8-A08Z,NP_000624,-2.189722309
A8-A08Z,NP_001159,-0.033554307
AR-A0TX,NP_057427,-1.388531694
AR-A0TX,NP_002408,-2.653305078
AR-A0TX,NP_000415,-4.445747356
AR-A0TX,NP_000413,-3.118415289
AR-A0TX,NP_000517,-2.857300785
AR-A0TX,NP_004439,1.663244082
AR-A0TX,NP_005219,-0.0149606
AR-A0TX,NP_058519,-3.428488764
AR-A0TX,NP_058518,-3.689603269
AR-A0TX,NP_001116539,-3.733122353
AR-A0TX,NP_061155,-5.724120453
AR-A0TX,NP_001035932,-1.45381032
AR-A0TX,NP_077006,-1.432050778
AR-A0TX,NP_000917,-2.005958701
AR-A0TX,NP_065178,-0.327754018
AR-A0TX,NP_006836,-1.067578449
AR-A0TX,NP_006614,3.529124816
AR-A0TX,NP_001784,-2.122916239
AR-A0TX,NP_006092,-3.480167677
AR-A0TX,NP_001153651,-1.233494957
AR-A0TX,NP_001159403,-1.535408603
AR-A0TX,NP_000116,-3.629764528
AR-A0TX,NP_004314,-0.047599914
AR-A0TX,NP_060601,-7.02153315
AR-A0TX,NP_005931,1.067576618
AR-A0TX,NP_003003,2.250751718
AR-A0TX,NP_113611,-4.002396686
AR-A0TX,NP_002002,0.099276995
AR-A0TX,NP_004487,-0.888062226
AR-A0TX,NP_008950,-1.940680074
AR-A0TX,NP_114172,-0.5339927505
AR-A0TX,NP_001062,-3.852799835
AR-A0TX,NP_001444,-0.17408337
AR-A0TX,NP_057547,-4.856458713
AR-A0TX,NP_054895,-2.851860899
AR-A0TX,NP_001246,-0.6405220415
AR-A0TX,NP_055606,-2.511868054
AR-A0TX,NP_036451,-7.440404335
AR-A0TX,NP_000624,-1.714924825
AR-A0TX,NP_001159,-0.033554307
A8-A076,NP_057427,-0.969020452
A8-A076,NP_002408,-1.991061779
A8-A076,NP_000415,-5.856105392
A8-A076,NP_000413,-4.693713319
A8-A076,NP_000517,-3.981163379
A8-A076,NP_004439,3.853287222
A8-A076,NP_005219,-1.386473952
A8-A076,NP_058519,-3.441352818
A8-A076,NP_058518,-3.534919982
A8-A076,NP_001116539,-3.808423999
A8-A076,NP_061155,-2.005456728
A8-A076,NP_001035932,1.193820527
A8-A076,NP_077006,1.193820527
A8-A076,NP_000917,-3.794029051
A8-A076,NP_065178,0.513659221
A8-A076,NP_006836,-1.094976249
A8-A076,NP_006614,-1.623990598
A8-A076,NP_001784,1.121845786
A8-A076,NP_006092,-1.206537098
A8-A076,NP_001153651,-2.879949835
A8-A076,NP_001159403,-0.166502085
A8-A076,NP_000116,-2.372527909
A8-A076,NP_004314,0.2689451
A8-A076,NP_060601,-0.558764426
A8-A076,NP_005931,2.215861855
A8-A076,NP_003003,-4.924032491
A8-A076,NP_113611,-0.497585895
A8-A076,NP_002002,2.2446517519999998
A8-A076,NP_004487,-0.065737447
A8-A076,NP_008950,1.517706864
A8-A076,NP_114172,-2.38332412
A8-A076,NP_001062,-0.22919789299999999
A8-A076,NP_001444,-0.17408337
A8-A076,NP_057547,-0.20968693
A8-A076,NP_054895,-0.580356848
A8-A076,NP_001246,0.222161519
A8-A076,NP_055606,-0.108922292
A8-A076,NP_036451,-2.17459737
A8-A076,NP_000624,-1.300104262
A8-A076,NP_001159,-0.033554307
AO-A126,NP_057427,-1.760204786
AO-A126,NP_002408,-1.637229134
AO-A126,NP_000415,-6.656172954
AO-A126,NP_000413,-5.991335833
AO-A126,NP_000517,-4.492570067
AO-A126,NP_004439,-0.326769836
AO-A126,NP_005219,-2.259793375
AO-A126,NP_058519,5.072629909
AO-A126,NP_058518,5.137960725
AO-A126,NP_001116539,5.11490279
AO-A126,NP_061155,-2.943845442
AO-A126,NP_001035932,3.585393111
AO-A126,NP_077006,3.585393111
AO-A126,NP_000917,-2.352025114
AO-A126,NP_065178,-0.111562444
AO-A126,NP_006836,-0.991606958
AO-A126,NP_006614,-5.261167895
AO-A126,NP_001784,3.27795398
AO-A126,NP_006092,-2.644092289
AO-A126,NP_001153651,-5.088233384
AO-A126,NP_001159403,-2.083015874
AO-A126,NP_000116,-0.638051957
AO-A126,NP_004314,2.048197454
AO-A126,NP_060601,-2.309752234
AO-A126,NP_005931,-0.672638859
AO-A126,NP_003003,-5.557078059
AO-A126,NP_113611,-0.123091412
AO-A126,NP_002002,-3.416533107
AO-A126,NP_004487,1.93290778
AO-A126,NP_008950,-2.425041908
AO-A126,NP_114172,-3.189796748
AO-A126,NP_001062,-0.22919789299999999
AO-A126,NP_001444,-0.17408337
AO-A126,NP_057547,1.314186528
AO-A126,NP_054895,-2.467314789
AO-A126,NP_001246,-1.379748861
AO-A126,NP_055606,1.402575278
AO-A126,NP_036451,3.988906971
AO-A126,NP_000624,3.174193273
AO-A126,NP_001159,-0.033554307
BH-A0C1,NP_057427,0.03647859
BH-A0C1,NP_002408,1.408256397
BH-A0C1,NP_000415,-3.886471356
BH-A0C1,NP_000413,-5.726661096
BH-A0C1,NP_000517,-4.550054929
BH-A0C1,NP_004439,-2.860426167
BH-A0C1,NP_005219,-0.841793786
BH-A0C1,NP_058519,-7.642131326
BH-A0C1,NP_058518,-7.472053183
BH-A0C1,NP_001116539,-7.642131326
BH-A0C1,NP_061155,1.299517912
BH-A0C1,NP_001035932,-4.471986273
BH-A0C1,NP_077006,-4.471986273
BH-A0C1,NP_000917,-9.552025223
BH-A0C1,NP_065178,0.477008861
BH-A0C1,NP_006836,1.912914492
BH-A0C1,NP_006614,1.664767694
BH-A0C1,NP_001784,2.311622269
BH-A0C1,NP_006092,1.684284858
BH-A0C1,NP_001153651,-5.757330925
BH-A0C1,NP_001159403,-0.465391339
BH-A0C1,NP_000116,-5.838187747
BH-A0C1,NP_004314,-1.812075649
BH-A0C1,NP_060601,-0.097353391
BH-A0C1,NP_005931,-2.01282362
BH-A0C1,NP_003003,-2.185689929
BH-A0C1,NP_113611,0.223285731
BH-A0C1,NP_002002,4.190846337
BH-A0C1,NP_004487,-5.927409068
BH-A0C1,NP_008950,1.246542753
BH-A0C1,NP_114172,0.50767869
BH-A0C1,NP_001062,2.021652977
BH-A0C1,NP_001444,1.882244663
BH-A0C1,NP_057547,-2.693136191
BH-A0C1,NP_054895,0.794859816
BH-A0C1,NP_001246,1.71216652
BH-A0C1,NP_055606,3.056062664
BH-A0C1,NP_036451,-0.425895892
BH-A0C1,NP_000624,-0.623039476
BH-A0C1,NP_001159,1.801387841
A2-A0EY,NP_057427,-1.015330011
A2-A0EY,NP_002408,-0.840446243
A2-A0EY,NP_000415,-3.059804542
A2-A0EY,NP_000413,-3.638586538
A2-A0EY,NP_000517,-2.547644935
A2-A0EY,NP_004439,5.800973058
A2-A0EY,NP_005219,-3.57196415
A2-A0EY,NP_058519,-6.465874127
A2-A0EY,NP_058518,-6.361776646
A2-A0EY,NP_001116539,-6.557479911
A2-A0EY,NP_061155,-1.123591392
A2-A0EY,NP_001035932,3.773154124
A2-A0EY,NP_077006,3.773154124
A2-A0EY,NP_000917,-7.148753604
A2-A0EY,NP_065178,1.737007392
A2-A0EY,NP_006836,-0.661398575
A2-A0EY,NP_006614,-2.268663685
A2-A0EY,NP_001784,-0.390745124
A2-A0EY,NP_006092,-1.090280198
A2-A0EY,NP_001153651,-5.104279073
A2-A0EY,NP_001159403,-2.093779917
A2-A0EY,NP_000116,-3.884256593
A2-A0EY,NP_004314,0.158889577
A2-A0EY,NP_060601,-1.602439805
A2-A0EY,NP_005931,-3.380424784
A2-A0EY,NP_003003,0.450362524
A2-A0EY,NP_113611,-1.535817417
A2-A0EY,NP_002002,3.140241438
A2-A0EY,NP_004487,-0.353270031
A2-A0EY,NP_008950,-1.365097548
A2-A0EY,NP_114172,-2.172894002
A2-A0EY,NP_001062,-0.728020963
A2-A0EY,NP_001444,-1.581620309
A2-A0EY,NP_057547,-0.30330324
A2-A0EY,NP_054895,-1.327622455
A2-A0EY,NP_001246,-0.615595683
A2-A0EY,NP_055606,0.204692468
A2-A0EY,NP_036451,-0.425895892
A2-A0EY,NP_000624,-0.623039476
A2-A0EY,NP_001159,-1.169394284
AR-A1AW,NP_057427,-2.306877436
AR-A1AW,NP_002408,-1.650975857
AR-A1AW,NP_000415,-5.469260048
AR-A1AW,NP_000413,-7.948411849
AR-A1AW,NP_000517,-6.304753725
AR-A1AW,NP_004439,-2.529415471
AR-A1AW,NP_005219,-3.849026981
AR-A1AW,NP_058519,3.584524245
AR-A1AW,NP_058518,3.803158105
AR-A1AW,NP_001116539,3.611853478
AR-A1AW,NP_061155,-3.860739509
AR-A1AW,NP_001035932,-3.439088494
AR-A1AW,NP_077006,-3.439088494
AR-A1AW,NP_000917,1.624627861
AR-A1AW,NP_065178,1.972099531
AR-A1AW,NP_006836,-0.190814009
AR-A1AW,NP_006614,-3.638201474
AR-A1AW,NP_001784,-2.330302492
AR-A1AW,NP_006092,-1.670496737
AR-A1AW,NP_001153651,-1.323025067
AR-A1AW,NP_001159403,-1.576796512
AR-A1AW,NP_000116,-0.534381502
AR-A1AW,NP_004314,-2.455236126
AR-A1AW,NP_060601,0.203507774
AR-A1AW,NP_005931,-4.063756665
AR-A1AW,NP_003003,-4.809454293
AR-A1AW,NP_113611,-2.34201502
AR-A1AW,NP_002002,-0.069784551
AR-A1AW,NP_004487,-0.428968749
AR-A1AW,NP_008950,-1.857897188
AR-A1AW,NP_114172,-2.908120549
AR-A1AW,NP_001062,-0.835003059
AR-A1AW,NP_001444,-0.17408337
AR-A1AW,NP_057547,-0.346981051
AR-A1AW,NP_054895,0.691529782
AR-A1AW,NP_001246,-0.6405220415
AR-A1AW,NP_055606,-0.108922292
AR-A1AW,NP_036451,-0.425895892
AR-A1AW,NP_000624,-0.623039476
AR-A1AW,NP_001159,-0.033554307
AR-A1AV,NP_057427,1.882713093
AR-A1AV,NP_002408,0.999190368
AR-A1AV,NP_000415,-3.354167056
AR-A1AV,NP_000413,-4.738352657
AR-A1AV,NP_000517,-4.157369533
AR-A1AV,NP_004439,-1.038266581
AR-A1AV,NP_005219,-1.951240063
AR-A1AV,NP_058519,3.475731338
AR-A1AV,NP_058518,1.173217572
AR-A1AV,NP_001116539,2.193284717
AR-A1AV,NP_061155,0.436948635
AR-A1AV,NP_001035932,0.461044709
AR-A1AV,NP_077006,0.461044709
AR-A1AV,NP_000917,-0.376963209
AR-A1AV,NP_065178,0.988481002
AR-A1AV,NP_006836,-0.524216996
AR-A1AV,NP_006614,-2.545609896
AR-A1AV,NP_001784,0.238825357
AR-A1AV,NP_006092,0.471754075
AR-A1AV,NP_001153651,3.968362191
AR-A1AV,NP_001159403,0.217406624
AR-A1AV,NP_000116,1.518594637
AR-A1AV,NP_004314,-0.326093718
AR-A1AV,NP_060601,-1.830759692
AR-A1AV,NP_005931,-0.315384352
AR-A1AV,NP_003003,-2.23236093
AR-A1AV,NP_113611,0.932256829
AR-A1AV,NP_002002,-0.90172216
AR-A1AV,NP_004487,1.395436923
AR-A1AV,NP_008950,-1.737052736
AR-A1AV,NP_114172,-1.935176014
AR-A1AV,NP_001062,-0.700921541
AR-A1AV,NP_001444,-0.17408337
AR-A1AV,NP_057547,-3.102496946
AR-A1AV,NP_054895,0.825163165
AR-A1AV,NP_001246,-0.6405220415
AR-A1AV,NP_055606,-0.108922292
AR-A1AV,NP_036451,-0.425895892
AR-A1AV,NP_000624,-0.623039476
AR-A1AV,NP_001159,-0.033554307
C8-A135,NP_057427,-0.265890766
C8-A135,NP_002408,0.223625633
C8-A135,NP_000415,-3.754123011
C8-A135,NP_000413,-4.271024943
C8-A135,NP_000517,-2.165762107
C8-A135,NP_004439,3.886440649
C8-A135,NP_005219,-2.617623398
C8-A135,NP_058519,-4.890622623
C8-A135,NP_058518,-5.048089437
C8-A135,NP_001116539,-5.280866466
C8-A135,NP_061155,-2.097298274
C8-A135,NP_001035932,0.114083502
C8-A135,NP_077006,0.114083502
C8-A135,NP_000917,-4.401106224
C8-A135,NP_065178,1.319046946
C8-A135,NP_006836,-0.878642064
C8-A135,NP_006614,1.548400784
C8-A135,NP_001784,2.746517845
C8-A135,NP_006092,-3.268029803
C8-A135,NP_001153651,-4.671538361
C8-A135,NP_001159403,1.271122264
C8-A135,NP_000116,-2.590237865
C8-A135,NP_004314,-1.539318043
C8-A135,NP_060601,-2.34376807
C8-A135,NP_005931,-0.553438861
C8-A135,NP_003003,0.162008184
C8-A135,NP_113611,-1.207268458
C8-A135,NP_002002,3.431156166
C8-A135,NP_004487,-0.878642064
C8-A135,NP_008950,0.586483943
C8-A135,NP_114172,0.654947775
C8-A135,NP_001062,0.007964562
C8-A135,NP_001444,-0.17408337
C8-A135,NP_057547,-7.050656525
C8-A135,NP_054895,0.504327344
C8-A135,NP_001246,-0.6405220415
C8-A135,NP_055606,-0.108922292
C8-A135,NP_036451,-0.425895892
C8-A135,NP_000624,-0.623039476
C8-A135,NP_001159,-0.033554307
A2-A0EV,NP_057427,-1.364604051
A2-A0EV,NP_002408,-2.246793331
A2-A0EV,NP_000415,-3.750716008
A2-A0EV,NP_000413,-3.88234425
A2-A0EV,NP_000517,-2.252394533
A2-A0EV,NP_004439,-3.25220905
A2-A0EV,NP_005219,-1.574649118
A2-A0EV,NP_058519,-2.190781313
A2-A0EV,NP_058518,-2.871327329
A2-A0EV,NP_001116539,-2.190781313
A2-A0EV,NP_061155,-4.632905288
A2-A0EV,NP_001035932,-2.608070846
A2-A0EV,NP_077006,-2.608070846
A2-A0EV,NP_000917,-1.26658302
A2-A0EV,NP_065178,1.158737349
A2-A0EV,NP_006836,-2.039548865
A2-A0EV,NP_006614,-1.160160186
A2-A0EV,NP_001784,-1.216172204
A2-A0EV,NP_006092,-1.185365594
A2-A0EV,NP_001153651,0.46698893
A2-A0EV,NP_001159403,-1.924724229
A2-A0EV,NP_000116,0.649027987
A2-A0EV,NP_004314,-0.488015973
A2-A0EV,NP_060601,-6.134027364
A2-A0EV,NP_005931,0.534203351
A2-A0EV,NP_003003,1.080320524
A2-A0EV,NP_113611,-0.709263443
A2-A0EV,NP_002002,-1.199368599
A2-A0EV,NP_004487,-1.723080965
A2-A0EV,NP_008950,-2.17957891
A2-A0EV,NP_114172,-3.311021669
A2-A0EV,NP_001062,0.139318626
A2-A0EV,NP_001444,0.733046014
A2-A0EV,NP_057547,0.018892788
A2-A0EV,NP_054895,-1.574649118
A2-A0EV,NP_001246,-4.515280051
A2-A0EV,NP_055606,-0.108922292
A2-A0EV,NP_036451,-0.425895892
A2-A0EV,NP_000624,2.049328432
A2-A0EV,NP_001159,-0.266768503
AN-A0AM,NP_057427,-0.505383131
AN-A0AM,NP_002408,-0.731681472
AN-A0AM,NP_000415,-5.408513844
AN-A0AM,NP_000413,-6.045501766
AN-A0AM,NP_000517,-5.777296325
AN-A0AM,NP_004439,-4.251877881
AN-A0AM,NP_005219,-3.96271889
AN-A0AM,NP_058519,-7.730167191
AN-A0AM,NP_058518,-7.730167191
AN-A0AM,NP_001116539,-8.480304283
AN-A0AM,NP_061155,-0.20784272
AN-A0AM,NP_001035932,-3.543647889
AN-A0AM,NP_077006,-3.543647889
AN-A0AM,NP_000917,-5.676719285
AN-A0AM,NP_065178,0.814690522
AN-A0AM,NP_006836,-0.459285321
AN-A0AM,NP_006614,0.424954491
AN-A0AM,NP_001784,-0.706537212
AN-A0AM,NP_006092,-1.129798923
AN-A0AM,NP_001153651,-5.923971176
AN-A0AM,NP_001159403,0.345331001
AN-A0AM,NP_000116,1.564827614
AN-A0AM,NP_004314,-1.754214715
AN-A0AM,NP_060601,-1.263901643
AN-A0AM,NP_005931,0.848216202
AN-A0AM,NP_003003,-4.582943972
AN-A0AM,NP_113611,-1.314190163
AN-A0AM,NP_002002,-1.209422413
AN-A0AM,NP_004487,-1.330953003
AN-A0AM,NP_008950,2.268866896
AN-A0AM,NP_114172,1.941991515
AN-A0AM,NP_001062,-4.771525923
AN-A0AM,NP_001444,-0.983124073
AN-A0AM,NP_057547,1.921037965
AN-A0AM,NP_054895,-1.138180343
AN-A0AM,NP_001246,0.508768691
AN-A0AM,NP_055606,-0.108922292
AN-A0AM,NP_036451,-0.425895892
AN-A0AM,NP_000624,2.662793637
AN-A0AM,NP_001159,1.594162584
D8-A142,NP_057427,-0.415695691
D8-A142,NP_002408,-1.232627024
D8-A142,NP_000415,-2.823112805
D8-A142,NP_000413,1.724230633
D8-A142,NP_000517,0.668726433
D8-A142,NP_004439,-3.13036574
D8-A142,NP_005219,-0.462687316
D8-A142,NP_058519,-6.427008995
D8-A142,NP_058518,-6.195665609
D8-A142,NP_001116539,-6.427008995
D8-A142,NP_061155,-1.529035737
D8-A142,NP_001035932,-5.530553373
D8-A142,NP_077006,-5.530553373
D8-A142,NP_000917,-6.394476332
D8-A142,NP_065178,0.813316049
D8-A142,NP_006836,-1.778452826
D8-A142,NP_006614,1.496501987
D8-A142,NP_001784,2.721898987
D8-A142,NP_006092,0.065064784
D8-A142,NP_001153651,-5.244988881
D8-A142,NP_001159403,-0.592817971
D8-A142,NP_000116,-3.065300412
D8-A142,NP_004314,-1.619404248
D8-A142,NP_060601,-3.867772784
D8-A142,NP_005931,0.621734807
D8-A142,NP_003003,0.397620902
D8-A142,NP_113611,-0.086754313
D8-A142,NP_002002,7.75723238
D8-A142,NP_004487,-3.990673958
D8-A142,NP_008950,-0.726563366
D8-A142,NP_114172,-1.46758515
D8-A142,NP_001062,-1.456740929
D8-A142,NP_001444,2.04955727
D8-A142,NP_057547,-2.320663888
D8-A142,NP_054895,-1.232627024
D8-A142,NP_001246,-1.438667227
D8-A142,NP_055606,-0.108922292
D8-A142,NP_036451,-0.425895892
D8-A142,NP_000624,-0.910915127
D8-A142,NP_001159,-0.075910092
AN-A0FL,NP_057427,-0.342446826
AN-A0FL,NP_002408,0.69613663
AN-A0FL,NP_000415,-4.069529686
AN-A0FL,NP_000413,-3.87863032
AN-A0FL,NP_000517,-3.75818191
AN-A0FL,NP_004439,-1.396938562
AN-A0FL,NP_005219,1.834714991
AN-A0FL,NP_058519,-5.735353915
AN-A0FL,NP_058518,-5.778533534
AN-A0FL,NP_001116539,-5.901254555
AN-A0FL,NP_061155,-0.081096503
AN-A0FL,NP_001035932,-1.144678685
AN-A0FL,NP_077006,-1.081045563
AN-A0FL,NP_000917,-3.544556429
AN-A0FL,NP_065178,0.425695861
AN-A0FL,NP_006836,-0.251542366
AN-A0FL,NP_006614,3.743708651
AN-A0FL,NP_001784,2.33241691
AN-A0FL,NP_006092,0.171163373
AN-A0FL,NP_001153651,-3.699094011
AN-A0FL,NP_001159403,-1.75828379
AN-A0FL,NP_000116,-4.146798477
AN-A0FL,NP_004314,-0.001555101
AN-A0FL,NP_060601,0.298429617
AN-A0FL,NP_005931,-1.433300346
AN-A0FL,NP_003003,5.561797851
AN-A0FL,NP_113611,0.037079295
AN-A0FL,NP_002002,0.8898123474999999
AN-A0FL,NP_004487,-2.753687627
AN-A0FL,NP_008950,-1.517386971
AN-A0FL,NP_114172,-0.44016912
AN-A0FL,NP_001062,-0.047007331
AN-A0FL,NP_001444,3.759616932
AN-A0FL,NP_057547,-1.967364048
AN-A0FL,NP_054895,-0.437896509
AN-A0FL,NP_001246,1.262016893
AN-A0FL,NP_055606,-0.108922292
AN-A0FL,NP_036451,0.889308607
AN-A0FL,NP_000624,-0.623039476
AN-A0FL,NP_001159,0.24161433
BH-A0DG,NP_057427,-0.706863443
BH-A0DG,NP_002408,0.365853796
BH-A0DG,NP_000415,-2.224594384
BH-A0DG,NP_000413,-2.931931952
BH-A0DG,NP_000517,-2.67429244
BH-A0DG,NP_004439,-5.887759803
BH-A0DG,NP_005219,-3.212993237
BH-A0DG,NP_058519,-7.775554769
BH-A0DG,NP_058518,-7.709973803
BH-A0DG,NP_001116539,-7.869241865
BH-A0DG,NP_061155,-1.44230714
BH-A0DG,NP_001035932,1.794581997
BH-A0DG,NP_077006,1.808635061
BH-A0DG,NP_000917,-6.112608831
BH-A0DG,NP_065178,0.468909601
BH-A0DG,NP_006836,-1.62968133
BH-A0DG,NP_006614,-3.180202754
BH-A0DG,NP_001784,-0.992609083
BH-A0DG,NP_006092,-1.596890847
BH-A0DG,NP_001153651,-2.159013417
BH-A0DG,NP_001159403,-1.564100363
BH-A0DG,NP_000116,-3.358208235
BH-A0DG,NP_004314,-0.041685068
BH-A0DG,NP_060601,-0.397696029
BH-A0DG,NP_005931,0.8623954
BH-A0DG,NP_003003,-0.022947649
BH-A0DG,NP_113611,-1.367357463
BH-A0DG,NP_002002,0.8898123474999999
BH-A0DG,NP_004487,-0.069791196
BH-A0DG,NP_008950,-1.475097623
BH-A0DG,NP_114172,-1.376726173
BH-A0DG,NP_001062,-2.360440672
BH-A0DG,NP_001444,-0.781813119
BH-A0DG,NP_057547,-0.032316358
BH-A0DG,NP_054895,1.24651249
BH-A0DG,NP_001246,0.131636058
BH-A0DG,NP_055606,-0.108922292
BH-A0DG,NP_036451,-0.749022636
BH-A0DG,NP_000624,-0.623039476
BH-A0DG,NP_001159,-0.692810379
AR-A0TV,NP_057427,-0.04073198
AR-A0TV,NP_002408,0.620402885
AR-A0TV,NP_000415,-5.539917326
AR-A0TV,NP_000413,-4.74991719
AR-A0TV,NP_000517,-4.077576649
AR-A0TV,NP_004439,-2.057753605
AR-A0TV,NP_005219,-2.971016174
AR-A0TV,NP_058519,-3.422044621
AR-A0TV,NP_058518,-3.21473962
AR-A0TV,NP_001116539,-3.21473962
AR-A0TV,NP_061155,-0.012717791
AR-A0TV,NP_001035932,-1.197717996
AR-A0TV,NP_077006,-1.197717996
AR-A0TV,NP_000917,0.104941804
AR-A0TV,NP_065178,-0.634632792
AR-A0TV,NP_006836,0.471927682
AR-A0TV,NP_006614,-1.329384685
AR-A0TV,NP_001784,1.006998697
AR-A0TV,NP_006092,2.242424442
AR-A0TV,NP_001153651,-4.727505839
AR-A0TV,NP_001159403,0.827707886
AR-A0TV,NP_000116,3.57309843
AR-A0TV,NP_004314,-0.69346259
AR-A0TV,NP_060601,0.278629777
AR-A0TV,NP_005931,-2.119384821
AR-A0TV,NP_003003,-4.738711514
AR-A0TV,NP_113611,2.567389037
AR-A0TV,NP_002002,-1.755200361
AR-A0TV,NP_004487,0.16657302
AR-A0TV,NP_008950,0.413097885
AR-A0TV,NP_114172,-0.671051238
AR-A0TV,NP_001062,0.575580183
AR-A0TV,NP_001444,-0.17408337
AR-A0TV,NP_057547,-1.127682523
AR-A0TV,NP_054895,-0.326476711
AR-A0TV,NP_001246,-0.6654484
AR-A0TV,NP_055606,-0.108922292
AR-A0TV,NP_036451,-0.007114953
AR-A0TV,NP_000624,-0.079951845
AR-A0TV,NP_001159,-0.74388813
C8-A12Z,NP_057427,-2.153013301
C8-A12Z,NP_002408,-2.012368394
C8-A12Z,NP_000415,-5.109681785
C8-A12Z,NP_000413,-4.803388432
C8-A12Z,NP_000517,-3.937640895
C8-A12Z,NP_004439,5.63558909
C8-A12Z,NP_005219,-2.181142282
C8-A12Z,NP_058519,-8.83208365
C8-A12Z,NP_058518,-8.882090728
C8-A12Z,NP_001116539,-8.882090728
C8-A12Z,NP_061155,-3.518831617
C8-A12Z,NP_001035932,-0.818449408
C8-A12Z,NP_077006,-0.818449408
C8-A12Z,NP_000917,-5.087803688
C8-A12Z,NP_065178,-1.021603162
C8-A12Z,NP_006836,-0.827825735
C8-A12Z,NP_006614,2.491394064
C8-A12Z,NP_001784,-2.293658208
C8-A12Z,NP_006092,-1.899852469
C8-A12Z,NP_001153651,-3.718859929
C8-A12Z,NP_001159403,0.722393681
C8-A12Z,NP_000116,-2.874990489
C8-A12Z,NP_004314,-0.155855625
C8-A12Z,NP_060601,-5.434727791
C8-A12Z,NP_005931,1.11619942
C8-A12Z,NP_003003,-0.380887476
C8-A12Z,NP_113611,-3.106273224
C8-A12Z,NP_002002,2.39450535
C8-A12Z,NP_004487,-0.130852086
C8-A12Z,NP_008950,1.72253524
C8-A12Z,NP_114172,2.71017503
C8-A12Z,NP_001062,-3.415692019
C8-A12Z,NP_001444,-0.17408337
C8-A12Z,NP_057547,-2.574948021
C8-A12Z,NP_054895,0.025420032
C8-A12Z,NP_001246,-5.097180015
C8-A12Z,NP_055606,-0.108922292
C8-A12Z,NP_036451,-4.403331809
C8-A12Z,NP_000624,-0.971596084
C8-A12Z,NP_001159,0.769275317
AO-A0JJ,NP_057427,-0.619782104
AO-A0JJ,NP_002408,-2.061033499
AO-A0JJ,NP_000415,-3.475219141
AO-A0JJ,NP_000413,-4.530783543
AO-A0JJ,NP_000517,-2.822257828
AO-A0JJ,NP_004439,-1.705795479
AO-A0JJ,NP_005219,-1.678729725
AO-A0JJ,NP_058519,-6.827989405
AO-A0JJ,NP_058518,-6.973467833
AO-A0JJ,NP_001116539,-6.834755844
AO-A0JJ,NP_061155,-1.401305748
AO-A0JJ,NP_001035932,1.89394979
AO-A0JJ,NP_077006,1.89394979
AO-A0JJ,NP_000917,-0.223945453
AO-A0JJ,NP_065178,0.912816211
AO-A0JJ,NP_006836,-0.511519088
AO-A0JJ,NP_006614,-0.606249227
AO-A0JJ,NP_001784,-3.387255441
AO-A0JJ,NP_006092,-0.910738958
AO-A0JJ,NP_001153651,-0.095383122
AO-A0JJ,NP_001159403,-2.240344119
AO-A0JJ,NP_000116,1.731555266
AO-A0JJ,NP_004314,0.787637099
AO-A0JJ,NP_060601,-1.65843041
AO-A0JJ,NP_005931,-3.116597902
AO-A0JJ,NP_003003,-0.261160865
AO-A0JJ,NP_113611,0.38165079
AO-A0JJ,NP_002002,1.785686774
AO-A0JJ,NP_004487,1.163174434
AO-A0JJ,NP_008950,-1.939237607
AO-A0JJ,NP_114172,-0.890439643
AO-A0JJ,NP_001062,-0.555500938
AO-A0JJ,NP_001444,-0.17408337
AO-A0JJ,NP_057547,0.730122372
AO-A0JJ,NP_054895,-1.117115332
AO-A0JJ,NP_001246,-2.162530076
AO-A0JJ,NP_055606,-0.108922292
AO-A0JJ,NP_036451,0.635392233
AO-A0JJ,NP_000624,-1.553550614
AO-A0JJ,NP_001159,-1.871573222
AO-A0JE,NP_057427,-1.01560163
AO-A0JE,NP_002408,-1.7016536
AO-A0JE,NP_000415,-4.565648335
AO-A0JE,NP_000413,-5.066575171
AO-A0JE,NP_000517,-3.672691802
AO-A0JE,NP_004439,2.995442961
AO-A0JE,NP_005219,-2.11909263
AO-A0JE,NP_058519,-1.933967495
AO-A0JE,NP_058518,-1.995675873
AO-A0JE,NP_001116539,-1.933967495
AO-A0JE,NP_061155,-0.993822202
AO-A0JE,NP_001035932,-1.668984459
AO-A0JE,NP_077006,-1.668984459
AO-A0JE,NP_000917,-6.209995123
AO-A0JE,NP_065178,2.156934997
AO-A0JE,NP_006836,-1.349552853
AO-A0JE,NP_006614,-2.848703456
AO-A0JE,NP_001784,0.091519276
AO-A0JE,NP_006092,-0.957523156
AO-A0JE,NP_001153651,-5.077464885
AO-A0JE,NP_001159403,-1.66172465
AO-A0JE,NP_000116,-3.799738463
AO-A0JE,NP_004314,-0.659870978
AO-A0JE,NP_060601,0.073369753
AO-A0JE,NP_005931,-0.547343935
AO-A0JE,NP_003003,-1.026491343
AO-A0JE,NP_113611,-0.616312123
AO-A0JE,NP_002002,3.51451932
AO-A0JE,NP_004487,-1.502008847
AO-A0JE,NP_008950,-1.33866314
AO-A0JE,NP_114172,-1.117238959
AO-A0JE,NP_001062,-0.496525271
AO-A0JE,NP_001444,-1.385851899
AO-A0JE,NP_057547,-2.021085206
AO-A0JE,NP_054895,-0.92122411
AO-A0JE,NP_001246,-0.77965783
AO-A0JE,NP_055606,-1.629055508
AO-A0JE,NP_036451,-0.848626018
AO-A0JE,NP_000624,-0.623039476
AO-A0JE,NP_001159,-0.033554307
AN-A0AJ,NP_057427,1.480831186
AN-A0AJ,NP_002408,-0.471788378
AN-A0AJ,NP_000415,-4.539342037
AN-A0AJ,NP_000413,-3.936113412
AN-A0AJ,NP_000517,-3.754418043
AN-A0AJ,NP_004439,-3.11242774
AN-A0AJ,NP_005219,-2.790221286
AN-A0AJ,NP_058519,-1.099243052
AN-A0AJ,NP_058518,-1.138004731
AN-A0AJ,NP_001116539,-1.055636164
AN-A0AJ,NP_061155,0.443956281
AN-A0AJ,NP_001035932,-1.133159521
AN-A0AJ,NP_077006,-1.133159521
AN-A0AJ,NP_000917,1.885406208
AN-A0AJ,NP_065178,-2.468014831
AN-A0AJ,NP_006836,-0.101129826
AN-A0AJ,NP_006614,-0.903012054
AN-A0AJ,NP_001784,-1.736388146
AN-A0AJ,NP_006092,0.216231419
AN-A0AJ,NP_001153651,-3.051862617
AN-A0AJ,NP_001159403,0.943012894
AN-A0AJ,NP_000116,-0.348235527
AN-A0AJ,NP_004314,-1.026564905
AN-A0AJ,NP_060601,-0.859405165
AN-A0AJ,NP_005931,-0.27555738
AN-A0AJ,NP_003003,-1.339080939
AN-A0AJ,NP_113611,1.136821288
AN-A0AJ,NP_002002,-2.148230982
AN-A0AJ,NP_004487,1.892674023
AN-A0AJ,NP_008950,2.958620187
AN-A0AJ,NP_114172,1.289445398
AN-A0AJ,NP_001062,0.407617207
AN-A0AJ,NP_001444,-1.496550259
AN-A0AJ,NP_057547,-5.130457637
AN-A0AJ,NP_054895,1.647990926
AN-A0AJ,NP_001246,0.402771998
AN-A0AJ,NP_055606,0.749204501
AN-A0AJ,NP_036451,-1.077439608
AN-A0AJ,NP_000624,-0.623039476
AN-A0AJ,NP_001159,-0.033554307
A7-A0CJ,NP_057427,-0.683521805
A7-A0CJ,NP_002408,-2.461390826
A7-A0CJ,NP_000415,-3.644383521
A7-A0CJ,NP_000413,-3.286105734
A7-A0CJ,NP_000517,-2.667569553
A7-A0CJ,NP_004439,-4.918635653
A7-A0CJ,NP_005219,-5.023415006
A7-A0CJ,NP_058519,-0.791681137
A7-A0CJ,NP_058518,-0.649722014
A7-A0CJ,NP_001116539,-0.676761847
A7-A0CJ,NP_061155,-1.775255063
A7-A0CJ,NP_001035932,-0.19680481
A7-A0CJ,NP_077006,-0.19680481
A7-A0CJ,NP_000917,4.497986199
A7-A0CJ,NP_065178,0.18851281
A7-A0CJ,NP_006836,0.387931579
A7-A0CJ,NP_006614,-5.327613127
A7-A0CJ,NP_001784,-1.785395001
A7-A0CJ,NP_006092,-1.170238799
A7-A0CJ,NP_001153651,-0.862660699
A7-A0CJ,NP_001159403,0.496090911
A7-A0CJ,NP_000116,1.567544295
A7-A0CJ,NP_004314,-0.886320553
A7-A0CJ,NP_060601,-0.321864038
A7-A0CJ,NP_005931,1.672323648
A7-A0CJ,NP_003003,-2.13691283
A7-A0CJ,NP_113611,-2.116632955
A7-A0CJ,NP_002002,-1.160098862
A7-A0CJ,NP_004487,1.425585171
A7-A0CJ,NP_008950,0.046553687
A7-A0CJ,NP_114172,1.141666925
A7-A0CJ,NP_001062,1.614864003
A7-A0CJ,NP_001444,-1.98143379
A7-A0CJ,NP_057547,1.699363481
A7-A0CJ,NP_054895,1.148426883
A7-A0CJ,NP_001246,-1.602876128
A7-A0CJ,NP_055606,-1.176998758
A7-A0CJ,NP_036451,0.834088824
A7-A0CJ,NP_000624,3.463712586
A7-A0CJ,NP_001159,0.398071516
AO-A12F,NP_057427,2.386411297
AO-A12F,NP_002408,0.192220662
AO-A12F,NP_000415,0.192220662
AO-A12F,NP_000413,2.260817894
AO-A12F,NP_000517,1.066449254
AO-A12F,NP_004439,-2.036446595
AO-A12F,NP_005219,-1.260722632
AO-A12F,NP_058519,-2.9180630340000002
AO-A12F,NP_058518,-2.959927502
AO-A12F,NP_001116539,-2.964852733
AO-A12F,NP_061155,1.132939879
AO-A12F,NP_001035932,-3.422899263
AO-A12F,NP_077006,-3.422899263
AO-A12F,NP_000917,-2.36397449
AO-A12F,NP_065178,-0.100830613
AO-A12F,NP_006836,1.635313493
AO-A12F,NP_006614,0.438482237
AO-A12F,NP_001784,0.761084901
AO-A12F,NP_006092,1.630388261
AO-A12F,NP_001153651,-4.804426701
AO-A12F,NP_001159403,-0.551489296
AO-A12F,NP_000116,-2.861422872
AO-A12F,NP_004314,-0.696783625
AO-A12F,NP_060601,0.354753301
AO-A12F,NP_005931,-1.588250528
AO-A12F,NP_003003,2.864158753
AO-A12F,NP_113611,1.583598562
AO-A12F,NP_002002,-3.287455397
AO-A12F,NP_004487,-3.944973803
AO-A12F,NP_008950,0.69213166
AO-A12F,NP_114172,1.610687335
AO-A12F,NP_001062,-1.329675874
AO-A12F,NP_001444,1.359500529
AO-A12F,NP_057547,-1.615339301
AO-A12F,NP_054895,1.494944395
AO-A12F,NP_001246,1.470318237
AO-A12F,NP_055606,2.329771135
AO-A12F,NP_036451,-0.425895892
AO-A12F,NP_000624,-2.339348332
AO-A12F,NP_001159,1.554047173
A8-A079,NP_057427,2.43069137
A8-A079,NP_002408,0.705999488
A8-A079,NP_000415,-5.562909248
A8-A079,NP_000413,-4.316382418
A8-A079,NP_000517,-2.624667436
A8-A079,NP_004439,-2.766468107
A8-A079,NP_005219,-5.051767294
A8-A079,NP_058519,2.038266258
A8-A079,NP_058518,2.038266258
A8-A079,NP_001116539,2.074540848
A8-A079,NP_061155,1.332560593
A8-A079,NP_001035932,2.061350088
A8-A079,NP_077006,2.061350088
A8-A079,NP_000917,1.642543455
A8-A079,NP_065178,-0.777961023
A8-A079,NP_006836,2.694506572
A8-A079,NP_006614,3.660729749
A8-A079,NP_001784,-1.183576896
A8-A079,NP_006092,2.262509179
A8-A079,NP_001153651,0.280597475
A8-A079,NP_001159403,0.705999488
A8-A079,NP_000116,3.80253042
A8-A079,NP_004314,0.013484583
A8-A079,NP_060601,0.376230486
A8-A079,NP_005931,0.010186893
A8-A079,NP_003003,-5.793747549
A8-A079,NP_113611,0.250918265
A8-A079,NP_002002,1.467765883
A8-A079,NP_004487,2.638445842
A8-A079,NP_008950,3.822316561
A8-A079,NP_114172,3.212243906
A8-A079,NP_001062,2.816521103
A8-A079,NP_001444,-0.17408337
A8-A079,NP_057547,1.055554631
A8-A079,NP_054895,1.642543455
A8-A079,NP_001246,2.645041222
A8-A079,NP_055606,1.075340771
A8-A079,NP_036451,0.498245016
A8-A079,NP_000624,-0.847212513
A8-A079,NP_001159,2.272402249
A2-A0T3,NP_057427,1.059591881
A2-A0T3,NP_002408,-0.451477265
A2-A0T3,NP_000415,-0.355683515
A2-A0T3,NP_000413,0.305602368
A2-A0T3,NP_000517,0.123285232
A2-A0T3,NP_004439,-3.937133699
A2-A0T3,NP_005219,-3.102801042
A2-A0T3,NP_058519,2.165855182
A2-A0T3,NP_058518,1.597272927
A2-A0T3,NP_001116539,1.897014659
A2-A0T3,NP_061155,0.871094503
A2-A0T3,NP_001035932,-1.721516976
A2-A0T3,NP_077006,-1.721516976
A2-A0T3,NP_000917,1.924825748
A2-A0T3,NP_065178,0.503370109
A2-A0T3,NP_006836,1.118304179
A2-A0T3,NP_006614,-2.784518584
A2-A0T3,NP_001784,-0.244439161
A2-A0T3,NP_006092,1.047231397
A2-A0T3,NP_001153651,-3.056449228
A2-A0T3,NP_001159403,-0.952076859
A2-A0T3,NP_000116,-0.69559682
A2-A0T3,NP_004314,0.370494908
A2-A0T3,NP_060601,-0.346413152
A2-A0T3,NP_005931,2.688085623
A2-A0T3,NP_003003,0.614614464
A2-A0T3,NP_113611,-1.480487542
A2-A0T3,NP_002002,0.8898123474999999
A2-A0T3,NP_004487,-0.79139057
A2-A0T3,NP_008950,-1.350702462
A2-A0T3,NP_114172,2.888943485
A2-A0T3,NP_001062,-2.206665966
A2-A0T3,NP_001444,-0.17408337
A2-A0T3,NP_057547,1.516929782
A2-A0T3,NP_054895,0.592983617
A2-A0T3,NP_001246,0.738219302
A2-A0T3,NP_055606,-0.510189563
A2-A0T3,NP_036451,-1.480487542
A2-A0T3,NP_000624,-0.847012747
A2-A0T3,NP_001159,1.921735627
A2-A0YD,NP_057427,-1.632841592
A2-A0YD,NP_002408,-2.89791722
A2-A0YD,NP_000415,-0.831824079
A2-A0YD,NP_000413,-0.74019477
A2-A0YD,NP_000517,0.119938426
A2-A0YD,NP_004439,-4.431969208
A2-A0YD,NP_005219,-3.698934732
A2-A0YD,NP_058519,-2.336318226
A2-A0YD,NP_058518,-2.776730068
A2-A0YD,NP_001116539,-2.584604097
A2-A0YD,NP_061155,-3.610261207
A2-A0YD,NP_001035932,-0.240667244
A2-A0YD,NP_077006,-0.240667244
A2-A0YD,NP_000917,0.651979578
A2-A0YD,NP_065178,-0.338208122
A2-A0YD,NP_006836,-2.498886356
A2-A0YD,NP_006614,-1.822011779
A2-A0YD,NP_001784,-4.564979496
A2-A0YD,NP_006092,-1.251545433
A2-A0YD,NP_001153651,3.164396129
A2-A0YD,NP_001159403,-1.156960339
A2-A0YD,NP_000116,-0.817045158
A2-A0YD,NP_004314,0.114026858
A2-A0YD,NP_060601,-1.975712556
A2-A0YD,NP_005931,0.708139477
A2-A0YD,NP_003003,1.999817163
A2-A0YD,NP_113611,-1.585549045
A2-A0YD,NP_002002,0.8898123474999999
A2-A0YD,NP_004487,-0.556936151
A2-A0YD,NP_008950,-0.630830755
A2-A0YD,NP_114172,-1.266324354
A2-A0YD,NP_001062,-0.828868295
A2-A0YD,NP_001444,-0.17408337
A2-A0YD,NP_057547,-1.094888871
A2-A0YD,NP_054895,0.004662843
A2-A0YD,NP_001246,1.228357493
A2-A0YD,NP_055606,-0.905718684
A2-A0YD,NP_036451,-2.702835464
A2-A0YD,NP_000624,0.072645879
A2-A0YD,NP_001159,0.190877246
AR-A0TR,NP_057427,-2.193840622
AR-A0TR,NP_002408,-3.428153376
AR-A0TR,NP_000415,-3.774045242
AR-A0TR,NP_000413,-3.86170277
AR-A0TR,NP_000517,-3.245730954
AR-A0TR,NP_004439,-1.537593726
AR-A0TR,NP_005219,-3.394985663
AR-A0TR,NP_058519,2.442531853
AR-A0TR,NP_058518,2.556249727
AR-A0TR,NP_001116539,2.447270098
AR-A0TR,NP_061155,-2.118028707
AR-A0TR,NP_001035932,0.222664194
AR-A0TR,NP_077006,0.222664194
AR-A0TR,NP_000917,4.527359538
AR-A0TR,NP_065178,-0.464381293
AR-A0TR,NP_006836,-1.670264579
AR-A0TR,NP_006614,-1.990096099
AR-A0TR,NP_001784,2.00898246
AR-A0TR,NP_006092,-1.459412688
AR-A0TR,NP_001153651,3.672106363
AR-A0TR,NP_001159403,-2.989865738
AR-A0TR,NP_000116,2.996906488
AR-A0TR,NP_004314,-0.229838179
AR-A0TR,NP_060601,-1.933237162
AR-A0TR,NP_005931,-4.245500594
AR-A0TR,NP_003003,-5.266592335
AR-A0TR,NP_113611,-1.298312367
AR-A0TR,NP_002002,-1.002172071
AR-A0TR,NP_004487,1.90947932
AR-A0TR,NP_008950,-2.750584379
AR-A0TR,NP_114172,-0.928729277
AR-A0TR,NP_001062,-2.174887643
AR-A0TR,NP_001444,6.427395678
AR-A0TR,NP_057547,1.28876926
AR-A0TR,NP_054895,-2.217531846
AR-A0TR,NP_001246,-3.9920045
AR-A0TR,NP_055606,-0.108922292
AR-A0TR,NP_036451,2.77894723
AR-A0TR,NP_000624,2.601263052
AR-A0TR,NP_001159,-3.76219963
AO-A03O,NP_057427,0.429608977
AO-A03O,NP_002408,0.350635776
AO-A03O,NP_000415,-3.652488526
AO-A03O,NP_000413,-3.731461727
AO-A03O,NP_000517,-2.467890518
AO-A03O,NP_004439,-2.672131554
AO-A03O,NP_005219,-4.54842587
AO-A03O,NP_058519,1.004207091
AO-A03O,NP_058518,1.13219814
AO-A03O,NP_001116539,0.933403532
AO-A03O,NP_061155,-0.474498008
AO-A03O,NP_001035932,-0.891149722
AO-A03O,NP_077006,-0.891149722
AO-A03O,NP_000917,-1.035480054
AO-A03O,NP_065178,-0.117756999
AO-A03O,NP_006836,0.701930358
AO-A03O,NP_006614,2.251439017
AO-A03O,NP_001784,0.669251792
AO-A03O,NP_006092,-0.417310518
AO-A03O,NP_001153651,-1.253337158
AO-A03O,NP_001159403,-0.80400688
AO-A03O,NP_000116,0.535814316
AO-A03O,NP_004314,-1.60463174
AO-A03O,NP_060601,-0.371015884
AO-A03O,NP_005931,-1.544721036
AO-A03O,NP_003003,-5.553291767
AO-A03O,NP_113611,-0.580703347
AO-A03O,NP_002002,4.122286905
AO-A03O,NP_004487,1.527064143
AO-A03O,NP_008950,0.50313575
AO-A03O,NP_114172,1.676840902
AO-A03O,NP_001062,1.162153492
AO-A03O,NP_001444,0.260769721
AO-A03O,NP_057547,0.375144701
AO-A03O,NP_054895,0.051082257
AO-A03O,NP_001246,1.527064143
AO-A03O,NP_055606,-0.108922292
AO-A03O,NP_036451,-0.479944436
AO-A03O,NP_000624,0.061975112
AO-A03O,NP_001159,-0.921105073
AO-A12E,NP_057427,0.983817359
AO-A12E,NP_002408,0.473763958
AO-A12E,NP_000415,-0.332011894
AO-A12E,NP_000413,-0.348290194
AO-A12E,NP_000517,0.666390508
AO-A12E,NP_004439,-2.304399248
AO-A12E,NP_005219,-2.339668898
AO-A12E,NP_058519,1.54270566
AO-A12E,NP_058518,1.51286211
AO-A12E,NP_001116539,1.57797531
AO-A12E,NP_061155,0.427642108
AO-A12E,NP_001035932,1.29310506
AO-A12E,NP_077006,1.29310506
AO-A12E,NP_000917,-1.542032197
AO-A12E,NP_065178,-0.109541793
AO-A12E,NP_006836,-0.332011894
AO-A12E,NP_006614,-1.523040846
AO-A12E,NP_001784,-3.671776451
AO-A12E,NP_006092,-0.227549627
AO-A12E,NP_001153651,3.938328815
AO-A12E,NP_001159403,0.468337858
AO-A12E,NP_000116,-0.437820844
AO-A12E,NP_004314,0.153624057
AO-A12E,NP_060601,-0.334138595
AO-A12E,NP_005931,-5.009310104
AO-A12E,NP_003003,-2.125337948
AO-A12E,NP_113611,-0.010265724
AO-A12E,NP_002002,1.64308851
AO-A12E,NP_004487,0.351676708
AO-A12E,NP_008950,-0.074272143
AO-A12E,NP_114172,2.142289711
AO-A12E,NP_001062,0.731503708
AO-A12E,NP_001444,-0.17408337
AO-A12E,NP_057547,1.43418366
AO-A12E,NP_054895,0.658251358
AO-A12E,NP_001246,-0.6405220415
AO-A12E,NP_055606,-0.108922292
AO-A12E,NP_036451,0.956686859
AO-A12E,NP_000624,-1.381962246
AO-A12E,NP_001159,-0.578899444
A8-A06N,NP_057427,-0.358817156
A8-A06N,NP_002408,0.269542446
A8-A06N,NP_000415,-3.695040338
A8-A06N,NP_000413,-3.438624536
A8-A06N,NP_000517,-3.427353512
A8-A06N,NP_004439,-1.209779488
A8-A06N,NP_005219,-3.385087171
A8-A06N,NP_058519,-2.331246402
A8-A06N,NP_058518,-2.243895964
A8-A06N,NP_001116539,-2.331246402
A8-A06N,NP_061155,-2.04665304
A8-A06N,NP_001035932,2.278602521
A8-A06N,NP_077006,2.278602521
A8-A06N,NP_000917,-2.782087373
A8-A06N,NP_065178,-0.412354522
A8-A06N,NP_006836,-1.423928949
A8-A06N,NP_006614,-4.233231746
A8-A06N,NP_001784,2.174345547
A8-A06N,NP_006092,-0.227549627
A8-A06N,NP_001153651,-1.401386901
A8-A06N,NP_001159403,-0.93645715
A8-A06N,NP_000116,4.23412523
A8-A06N,NP_004314,-1.477466314
A8-A06N,NP_060601,-0.334138595
A8-A06N,NP_005931,-1.632442898
A8-A06N,NP_003003,-3.616143168
A8-A06N,NP_113611,-0.010265724
A8-A06N,NP_002002,-0.040410721
A8-A06N,NP_004487,1.78549521
A8-A06N,NP_008950,-2.038199771
A8-A06N,NP_114172,-1.423928949
A8-A06N,NP_001062,-1.10834027
A8-A06N,NP_001444,-0.17408337
A8-A06N,NP_057547,1.870027891
A8-A06N,NP_054895,-1.945213821
A8-A06N,NP_001246,-0.6405220415
A8-A06N,NP_055606,-0.108922292
A8-A06N,NP_036451,0.934532878
A8-A06N,NP_000624,0.669663808
A8-A06N,NP_001159,-0.232018133
A2-A0YG,NP_057427,0.090859603
A2-A0YG,NP_002408,1.294576953
A2-A0YG,NP_000415,-2.80685323
A2-A0YG,NP_000413,-5.05198896
A2-A0YG,NP_000517,-3.202456965
A2-A0YG,NP_004439,5.767942272
A2-A0YG,NP_005219,-0.247263248
A2-A0YG,NP_058519,-3.303893821
A2-A0YG,NP_058518,-3.303893821
A2-A0YG,NP_001116539,-3.527054902
A2-A0YG,NP_061155,2.657212043
A2-A0YG,NP_001035932,1.220189926
A2-A0YG,NP_077006,1.176233955
A2-A0YG,NP_000917,-1.687666593
A2-A0YG,NP_065178,0.219346287
A2-A0YG,NP_006836,0.533800538
A2-A0YG,NP_006614,-0.095107965
A2-A0YG,NP_001784,-0.179638677
A2-A0YG,NP_006092,3.773017451
A2-A0YG,NP_001153651,2.961522608
A2-A0YG,NP_001159403,2.183840051
A2-A0YG,NP_000116,0.533800538
A2-A0YG,NP_004314,-1.001277205
A2-A0YG,NP_060601,-0.379131159
A2-A0YG,NP_005931,-1.180482316
A2-A0YG,NP_003003,1.152565356
A2-A0YG,NP_113611,4.168621186
A2-A0YG,NP_002002,0.8898123474999999
A2-A0YG,NP_004487,0.932785502
A2-A0YG,NP_008950,0.834729876
A2-A0YG,NP_114172,1.254002211
A2-A0YG,NP_001062,-1.62680448
A2-A0YG,NP_001444,-0.17408337
A2-A0YG,NP_057547,-1.508461482
A2-A0YG,NP_054895,2.643687128
A2-A0YG,NP_001246,0.229489972
A2-A0YG,NP_055606,-1.275156715
A2-A0YG,NP_036451,-0.997895977
A2-A0YG,NP_000624,-2.495780207
A2-A0YG,NP_001159,-0.033554307
BH-A18N,NP_057427,-0.649156914
BH-A18N,NP_002408,-3.465197756
BH-A18N,NP_000415,-3.507123922
BH-A18N,NP_000413,-6.389547861
BH-A18N,NP_000517,-3.88445942
BH-A18N,NP_004439,-1.606471046
BH-A18N,NP_005219,-1.092875508
BH-A18N,NP_058519,3.505027405
BH-A18N,NP_058518,3.539965877
BH-A18N,NP_001116539,3.742609015
BH-A18N,NP_061155,-2.797872941
BH-A18N,NP_001035932,0.688986563
BH-A18N,NP_077006,0.706455799
BH-A18N,NP_000917,5.688681904
BH-A18N,NP_065178,-0.240376792
BH-A18N,NP_006836,-1.623940282
BH-A18N,NP_006614,-1.4771987
BH-A18N,NP_001784,-1.078900119
BH-A18N,NP_006092,-1.662372601
BH-A18N,NP_001153651,-3.196171522
BH-A18N,NP_001159403,-3.779644004
BH-A18N,NP_000116,3.417681225
BH-A18N,NP_004314,0.640072702
BH-A18N,NP_060601,-3.678322435
BH-A18N,NP_005931,-0.883244676
BH-A18N,NP_003003,-2.846786802
BH-A18N,NP_113611,-1.32696327
BH-A18N,NP_002002,0.8898123474999999
BH-A18N,NP_004487,2.306637816
BH-A18N,NP_008950,-2.983046842
BH-A18N,NP_114172,-1.686829532
BH-A18N,NP_001062,-2.039708099
BH-A18N,NP_001444,-0.17408337
BH-A18N,NP_057547,1.904845388
BH-A18N,NP_054895,-4.104571793
BH-A18N,NP_001246,-2.385598971
BH-A18N,NP_055606,-0.373142985
BH-A18N,NP_036451,1.7650915
BH-A18N,NP_000624,1.080297449
BH-A18N,NP_001159,-0.033554307
AN-A0AL,NP_057427,-0.632908046
AN-A0AL,NP_002408,3.858671584
AN-A0AL,NP_000415,-4.495600329
AN-A0AL,NP_000413,-0.411142508
AN-A0AL,NP_000517,-1.367713262
AN-A0AL,NP_004439,-2.407032351
AN-A0AL,NP_005219,3.339012039
AN-A0AL,NP_058519,-6.150567031
AN-A0AL,NP_058518,-6.150567031
AN-A0AL,NP_001116539,-6.352472969
AN-A0AL,NP_061155,3.332392173
AN-A0AL,NP_001035932,-1.741735736
AN-A0AL,NP_077006,-1.741735736
AN-A0AL,NP_000917,-5.50843995
AN-A0AL,NP_065178,0.029078635
AN-A0AL,NP_006836,0.998889123
AN-A0AL,NP_006614,4.335301994
AN-A0AL,NP_001784,1.449040066
AN-A0AL,NP_006092,1.578127468
AN-A0AL,NP_001153651,-6.044649162
AN-A0AL,NP_001159403,0.346832242
AN-A0AL,NP_000116,-6.332613368
AN-A0AL,NP_004314,-3.605228243
AN-A0AL,NP_060601,2.60089689
AN-A0AL,NP_005931,-0.387972974
AN-A0AL,NP_003003,0.221054773
AN-A0AL,NP_113611,2.11433668
AN-A0AL,NP_002002,-4.561798997
AN-A0AL,NP_004487,-3.79720438
AN-A0AL,NP_008950,0.141616371
AN-A0AL,NP_114172,-0.106628635
AN-A0AL,NP_001062,0.902901054
AN-A0AL,NP_001444,3.233094171
AN-A0AL,NP_057547,-0.629598112
AN-A0AL,NP_054895,-1.331303994
AN-A0AL,NP_001246,0.936000388
AN-A0AL,NP_055606,2.485049221
AN-A0AL,NP_036451,-0.425895892
AN-A0AL,NP_000624,-4.250665257
AN-A0AL,NP_001159,-0.431002108
A2-A0T6,NP_057427,-2.885329038
A2-A0T6,NP_002408,-3.435149932
A2-A0T6,NP_000415,-2.781589247
A2-A0T6,NP_000413,-3.189632426
A2-A0T6,NP_000517,-2.297470222
A2-A0T6,NP_004439,-4.804515175
A2-A0T6,NP_005219,-2.553361707
A2-A0T6,NP_058519,-0.720625396
A2-A0T6,NP_058518,-0.772495291
A2-A0T6,NP_001116539,-0.616885605
A2-A0T6,NP_061155,-3.525057751
A2-A0T6,NP_001035932,2.65437581
A2-A0T6,NP_077006,2.65437581
A2-A0T6,NP_000917,-1.422597983
A2-A0T6,NP_065178,-0.350620141
A2-A0T6,NP_006836,-2.5568197
A2-A0T6,NP_006614,-2.456537901
A2-A0T6,NP_001784,0.479298189
A2-A0T6,NP_006092,-3.390196022
A2-A0T6,NP_001153651,3.868131367
A2-A0T6,NP_001159403,-4.358434073
A2-A0T6,NP_000116,-2.632895546
A2-A0T6,NP_004314,0.949585242
A2-A0T6,NP_060601,-1.744191335
A2-A0T6,NP_005931,0.558832029
A2-A0T6,NP_003003,4.424868246
A2-A0T6,NP_113611,-0.876235083
A2-A0T6,NP_002002,1.195102748
A2-A0T6,NP_004487,1.347254442
A2-A0T6,NP_008950,-3.680667437
A2-A0T6,NP_114172,-2.971778864
A2-A0T6,NP_001062,-1.080256672
A2-A0T6,NP_001444,-0.409406022
A2-A0T6,NP_057547,0.939211263
A2-A0T6,NP_054895,-2.141860535
A2-A0T6,NP_001246,-3.549263702
A2-A0T6,NP_055606,-0.108922292
A2-A0T6,NP_036451,-1.460635906
A2-A0T6,NP_000624,-0.813991208
A2-A0T6,NP_001159,-0.033554307
E2-A158,NP_057427,-0.781776657
E2-A158,NP_002408,-1.588474221
E2-A158,NP_000415,-3.732945245
E2-A158,NP_000413,0.701650529
E2-A158,NP_000517,0.213150338
E2-A158,NP_004439,-2.531862205
E2-A158,NP_005219,-0.27759068
E2-A158,NP_058519,-4.456732226
E2-A158,NP_058518,-4.665129096
E2-A158,NP_001116539,-4.665129096
E2-A158,NP_061155,0.154888847
E2-A158,NP_001035932,-2.829892139
E2-A158,NP_077006,-2.829892139
E2-A158,NP_000917,-4.411915694
E2-A158,NP_065178,0.75991202
E2-A158,NP_006836,-0.154345219
E2-A158,NP_006614,1.308914529
E2-A158,NP_001784,-0.060230503
E2-A158,NP_006092,-1.725164642
E2-A158,NP_001153651,-3.231000094
E2-A158,NP_001159403,-1.577270088
E2-A158,NP_000116,-3.506621762
E2-A158,NP_004314,0.605294987
E2-A158,NP_060601,0.181778766
E2-A158,NP_005931,-1.734127948
E2-A158,NP_003003,1.860157864
E2-A158,NP_113611,-1.122382295
E2-A158,NP_002002,-0.241737455
E2-A158,NP_004487,-2.668552626
E2-A158,NP_008950,-0.602510532
E2-A158,NP_114172,-1.043953366
E2-A158,NP_001062,-1.617604967
E2-A158,NP_001444,1.831027118
E2-A158,NP_057547,-2.155403342
E2-A158,NP_054895,-0.183475964
E2-A158,NP_001246,-0.732478473
E2-A158,NP_055606,-0.108922292
E2-A158,NP_036451,-0.611473838
E2-A158,NP_000624,0.690446396
E2-A158,NP_001159,-0.033554307
E2-A15A,NP_057427,0.229658423
E2-A15A,NP_002408,-0.441373071
E2-A15A,NP_000415,-1.183981258
E2-A15A,NP_000413,-2.95103086
E2-A15A,NP_000517,-1.649229761
E2-A15A,NP_004439,-4.682292115
E2-A15A,NP_005219,-5.152014161
E2-A15A,NP_058519,-4.15888755
E2-A15A,NP_058518,-4.673345029
E2-A15A,NP_001116539,-4.364670541
E2-A15A,NP_061155,1.209364405
E2-A15A,NP_001035932,-0.530843937
E2-A15A,NP_077006,-0.530843937
E2-A15A,NP_000917,-5.849886915
E2-A15A,NP_065178,-0.150592757
E2-A15A,NP_006836,-0.047701261
E2-A15A,NP_006614,-2.57077968
E2-A15A,NP_001784,-0.750047558
E2-A15A,NP_006092,-1.613441414
E2-A15A,NP_001153651,0.677012753
E2-A15A,NP_001159403,1.169102515
E2-A15A,NP_000116,-3.514697315
E2-A15A,NP_004314,-0.54873811
E2-A15A,NP_060601,0.623330233
E2-A15A,NP_005931,1.303308814
E2-A15A,NP_003003,-2.101057634
E2-A15A,NP_113611,-0.387690552
E2-A15A,NP_002002,0.082031495
E2-A15A,NP_004487,-0.830571338
E2-A15A,NP_008950,2.94062566
E2-A15A,NP_114172,-0.477161417
E2-A15A,NP_001062,-1.273452124
E2-A15A,NP_001444,-0.253484253
E2-A15A,NP_057547,2.202491017
E2-A15A,NP_054895,0.140187557
E2-A15A,NP_001246,-2.655777002
E2-A15A,NP_055606,-0.108922292
E2-A15A,NP_036451,0.511491651
E2-A15A,NP_000624,-2.266578736
E2-A15A,NP_001159,-0.033554307
AO-A0JM,NP_057427,-0.488477245
AO-A0JM,NP_002408,2.120019554
AO-A0JM,NP_000415,-5.818289185
AO-A0JM,NP_000413,-7.698594873
AO-A0JM,NP_000517,-5.387528246
AO-A0JM,NP_004439,4.567835686
AO-A0JM,NP_005219,-2.249127116
AO-A0JM,NP_058519,-6.635367475
AO-A0JM,NP_058518,-6.638786212
AO-A0JM,NP_001116539,-6.741348341
AO-A0JM,NP_061155,0.253388817
AO-A0JM,NP_001035932,-0.085066207
AO-A0JM,NP_077006,-0.085066207
AO-A0JM,NP_000917,-7.537914205
AO-A0JM,NP_065178,0.20552649
AO-A0JM,NP_006836,1.405503393
AO-A0JM,NP_006614,-2.73116912
AO-A0JM,NP_001784,-1.927765781
AO-A0JM,NP_006092,0.585006366
AO-A0JM,NP_001153651,0.290994931
AO-A0JM,NP_001159403,0.386719584
AO-A0JM,NP_000116,-2.772193971
AO-A0JM,NP_004314,-0.93975061
AO-A0JM,NP_060601,0.051683298
AO-A0JM,NP_005931,2.290956435
AO-A0JM,NP_003003,-1.602985707
AO-A0JM,NP_113611,0.916623914
AO-A0JM,NP_002002,1.320034953
AO-A0JM,NP_004487,0.448256861
AO-A0JM,NP_008950,1.477296883
AO-A0JM,NP_114172,1.193541661
AO-A0JM,NP_001062,1.275591364
AO-A0JM,NP_001444,-0.17408337
AO-A0JM,NP_057547,-0.283352988
AO-A0JM,NP_054895,0.561075202
AO-A0JM,NP_001246,1.996945
AO-A0JM,NP_055606,-0.108922292
AO-A0JM,NP_036451,0.17817659
AO-A0JM,NP_000624,-0.300446676
AO-A0JM,NP_001159,0.896111488
C8-A12V,NP_057427,0.185080345
C8-A12V,NP_002408,2.695859989
C8-A12V,NP_000415,0.78129793
C8-A12V,NP_000413,-4.25877743
C8-A12V,NP_000517,-2.818226868
C8-A12V,NP_004439,-2.018332468
C8-A12V,NP_005219,0.651685412
C8-A12V,NP_058519,-8.173075487
C8-A12V,NP_058518,-8.350829798
C8-A12V,NP_001116539,-8.598945191
C8-A12V,NP_061155,1.318264078
C8-A12V,NP_001035932,-4.418015667
C8-A12V,NP_077006,-4.418015667
C8-A12V,NP_000917,-5.654889414
C8-A12V,NP_065178,1.192354775
C8-A12V,NP_006836,1.033116538
C8-A12V,NP_006614,3.332812936
C8-A12V,NP_001784,4.847427795
C8-A12V,NP_006092,-0.022299684
C8-A12V,NP_001153651,-6.284435933
C8-A12V,NP_001159403,0.477634316
C8-A12V,NP_000116,-4.436531741
C8-A12V,NP_004314,-1.88131352
C8-A12V,NP_060601,0.385053945
C8-A12V,NP_005931,-2.833039727
C8-A12V,NP_003003,4.902976017
C8-A12V,NP_113611,0.529479323
C8-A12V,NP_002002,3.280967929
C8-A12V,NP_004487,-4.992013963
C8-A12V,NP_008950,-1.855391016
C8-A12V,NP_114172,0.170267486
C8-A12V,NP_001062,1.384921945
C8-A12V,NP_001444,-0.17408337
C8-A12V,NP_057547,-2.270151075
C8-A12V,NP_054895,-1.185109135
C8-A12V,NP_001246,1.892262374
C8-A12V,NP_055606,-0.108922292
C8-A12V,NP_036451,0.48874396
C8-A12V,NP_000624,-1.29620558
C8-A12V,NP_001159,0.351725012
A2-A0D2,NP_057427,2.249701721
A2-A0D2,NP_002408,3.576941032
A2-A0D2,NP_000415,2.169867778
A2-A0D2,NP_000413,2.968207212
A2-A0D2,NP_000517,0.543251179
A2-A0D2,NP_004439,-5.421009682
A2-A0D2,NP_005219,-1.206442749
A2-A0D2,NP_058519,-5.297932352
A2-A0D2,NP_058518,-5.277973866
A2-A0D2,NP_001116539,-5.311238009
A2-A0D2,NP_061155,2.934943069
A2-A0D2,NP_001035932,-5.567371911
A2-A0D2,NP_077006,-5.567371911
A2-A0D2,NP_000917,-5.287953109
A2-A0D2,NP_065178,1.198554799
A2-A0D2,NP_006836,3.264258086
A2-A0D2,NP_006614,2.44928658
A2-A0D2,NP_001784,2.332862079
A2-A0D2,NP_006092,3.60687876
A2-A0D2,NP_001153651,-7.124133809
A2-A0D2,NP_001159403,-0.853842832
A2-A0D2,NP_000116,-4.153645829
A2-A0D2,NP_004314,-2.417257558
A2-A0D2,NP_060601,-0.604361758
A2-A0D2,NP_005931,2.545752595
A2-A0D2,NP_003003,7.053043987
A2-A0D2,NP_113611,2.921637412
A2-A0D2,NP_002002,3.743261747
A2-A0D2,NP_004487,-6.269245331
A2-A0D2,NP_008950,2.376105465
A2-A0D2,NP_114172,2.781928011
A2-A0D2,NP_001062,6.836827057
A2-A0D2,NP_001444,2.898352512
A2-A0D2,NP_057547,-3.694600654
A2-A0D2,NP_054895,2.49585638
A2-A0D2,NP_001246,2.722052553
A2-A0D2,NP_055606,0.373604049
A2-A0D2,NP_036451,-1.342825736
A2-A0D2,NP_000624,-4.183583558
A2-A0D2,NP_001159,3.487127845
C8-A12U,NP_057427,0.126062775
C8-A12U,NP_002408,0.437189878
C8-A12U,NP_000415,-4.98374234
C8-A12U,NP_000413,-4.18945315
C8-A12U,NP_000517,-4.200434106
C8-A12U,NP_004439,-4.562805672
C8-A12U,NP_005219,-3.113319408
C8-A12U,NP_058519,-1.528401345
C8-A12U,NP_058518,-1.345385403
C8-A12U,NP_001116539,-1.345385403
C8-A12U,NP_061155,0.891069415
C8-A12U,NP_001035932,-0.909807459
C8-A12U,NP_077006,-0.909807459
C8-A12U,NP_000917,-4.998383616
C8-A12U,NP_065178,-0.045972211
C8-A12U,NP_006836,1.096047271
C8-A12U,NP_006614,-0.477889835
C8-A12U,NP_001784,-1.403950504
C8-A12U,NP_006092,1.165593329
C8-A12U,NP_001153651,-2.330011173
C8-A12U,NP_001159403,2.541873217
C8-A12U,NP_000116,-2.545969986
C8-A12U,NP_004314,-2.922982827
C8-A12U,NP_060601,1.710980838
C8-A12U,NP_005931,-2.622836682
C8-A12U,NP_003003,-1.4808172
C8-A12U,NP_113611,0.803221763
C8-A12U,NP_002002,-0.763394705
C8-A12U,NP_004487,-0.961051923
C8-A12U,NP_008950,0.466472428
C8-A12U,NP_114172,1.213177474
C8-A12U,NP_001062,1.626793504
C8-A12U,NP_001444,-0.17408337
C8-A12U,NP_057547,-1.078182127
C8-A12U,NP_054895,1.381552141
C8-A12U,NP_001246,-0.064273805
C8-A12U,NP_055606,-0.119178588
C8-A12U,NP_036451,3.522838669
C8-A12U,NP_000624,-0.968372561
C8-A12U,NP_001159,-0.408343777
AR-A1AS,NP_057427,-0.565545158
AR-A1AS,NP_002408,-0.781100888
AR-A1AS,NP_000415,-2.215783292
AR-A1AS,NP_000413,-2.689299159
AR-A1AS,NP_000517,-0.72102798
AR-A1AS,NP_004439,-3.6858027
AR-A1AS,NP_005219,-2.986130001
AR-A1AS,NP_058519,4.632528279
AR-A1AS,NP_058518,4.575989071
AR-A1AS,NP_001116539,4.632528279
AR-A1AS,NP_061155,-0.30051762
AR-A1AS,NP_001035932,0.893873149
AR-A1AS,NP_077006,0.893873149
AR-A1AS,NP_000917,2.568847187
AR-A1AS,NP_065178,-0.834106396
AR-A1AS,NP_006836,-0.646820269
AR-A1AS,NP_006614,1.275512803
AR-A1AS,NP_001784,-0.212175108
AR-A1AS,NP_006092,-1.551447598
AR-A1AS,NP_001153651,-2.661029555
AR-A1AS,NP_001159403,-1.91895245
AR-A1AS,NP_000116,0.466295388
AR-A1AS,NP_004314,-1.293487461
AR-A1AS,NP_060601,-0.236911011
AR-A1AS,NP_005931,2.565313486
AR-A1AS,NP_003003,-2.901321189
AR-A1AS,NP_113611,0.508699794
AR-A1AS,NP_002002,1.282580204
AR-A1AS,NP_004487,0.791395835
AR-A1AS,NP_008950,-1.996693861
AR-A1AS,NP_114172,-0.837640096
AR-A1AS,NP_001062,0.024582826
AR-A1AS,NP_001444,-1.470172486
AR-A1AS,NP_057547,-0.304051321
AR-A1AS,NP_054895,-0.894179305
AR-A1AS,NP_001246,-0.996656619
AR-A1AS,NP_055606,-2.145109282
AR-A1AS,NP_036451,1.46633263
AR-A1AS,NP_000624,-3.141612823
AR-A1AS,NP_001159,-3.035601808
A8-A09G,NP_057427,-1.18370531
A8-A09G,NP_002408,-1.312072496
A8-A09G,NP_000415,-2.614464572
A8-A09G,NP_000413,-2.199945534
A8-A09G,NP_000517,-1.718568585
A8-A09G,NP_004439,2.10302952
A8-A09G,NP_005219,-3.074446989
A8-A09G,NP_058519,-3.860696005
A8-A09G,NP_058518,-3.823255575
A8-A09G,NP_001116539,-3.828604208
A8-A09G,NP_061155,-1.92181663
A8-A09G,NP_001035932,1.461193589
A8-A09G,NP_077006,1.461193589
A8-A09G,NP_000917,-9.222700344
A8-A09G,NP_065178,-0.491057368
A8-A09G,NP_006836,-0.124676024
A8-A09G,NP_006614,0.487742427
A8-A09G,NP_001784,-1.568806868
A8-A09G,NP_006092,-0.603378656
A8-A09G,NP_001153651,-6.593847344
A8-A09G,NP_001159403,-0.234322995
A8-A09G,NP_000116,-5.861084656
A8-A09G,NP_004314,0.752499748
A8-A09G,NP_060601,-1.30137523
A8-A09G,NP_005931,-3.363273158
A8-A09G,NP_003003,-0.940342519
A8-A09G,NP_113611,-2.555629612
A8-A09G,NP_002002,1.680487532
A8-A09G,NP_004487,2.279534401
A8-A09G,NP_008950,-0.060492431
A8-A09G,NP_114172,-1.659733625
A8-A09G,NP_001062,-0.015029052
A8-A09G,NP_001444,-0.17408337
A8-A09G,NP_057547,-2.956777069
A8-A09G,NP_054895,-1.48590306
A8-A09G,NP_001246,-1.598224348
A8-A09G,NP_055606,0.747151116
A8-A09G,NP_036451,-0.425895892
A8-A09G,NP_000624,-0.623039476
A8-A09G,NP_001159,0.661572992
C8-A134,NP_057427,2.241727517
C8-A134,NP_002408,1.023184199
C8-A134,NP_000415,3.753427632
C8-A134,NP_000413,3.566231123
C8-A134,NP_000517,0.475722709
C8-A134,NP_004439,-4.140613859
C8-A134,NP_005219,0.966672045
C8-A134,NP_058519,-6.726044897
C8-A134,NP_058518,-6.842601215
C8-A134,NP_001116539,-6.881453321
C8-A134,NP_061155,3.156518007
C8-A134,NP_001035932,-5.41566933
C8-A134,NP_077006,-5.41566933
C8-A134,NP_000917,-6.408164032
C8-A134,NP_065178,0.843051709
C8-A134,NP_006836,1.941506699
C8-A134,NP_006614,2.234663498
C8-A134,NP_001784,4.459829555
C8-A134,NP_006092,1.334001046
C8-A134,NP_001153651,-8.523837792
C8-A134,NP_001159403,1.549453632
C8-A134,NP_000116,-7.503087013
C8-A134,NP_004314,-2.279244791
C8-A134,NP_060601,0.881903815
C8-A134,NP_005931,1.93444268
C8-A134,NP_003003,5.2474677
C8-A134,NP_113611,-0.057610743
C8-A134,NP_002002,-5.401541292
C8-A134,NP_004487,-4.582115061
C8-A134,NP_008950,1.733118132
C8-A134,NP_114172,2.036870959
C8-A134,NP_001062,1.330469036
C8-A134,NP_001444,-0.17408337
C8-A134,NP_057547,-2.593593647
C8-A134,NP_054895,1.118548459
C8-A134,NP_001246,2.11810718
C8-A134,NP_055606,0.535766872
C8-A134,NP_036451,-0.425895892
C8-A134,NP_000624,-0.623039476
C8-A134,NP_001159,1.962698757
A2-A0YF,NP_057427,-1.399735203
A2-A0YF,NP_002408,-1.51330076
A2-A0YF,NP_000415,-1.183960644
A2-A0YF,NP_000413,-1.346737943
A2-A0YF,NP_000517,-0.498781781
A2-A0YF,NP_004439,-2.421825219
A2-A0YF,NP_005219,-1.903209174
A2-A0YF,NP_058519,-1.077966124
A2-A0YF,NP_058518,-0.971971603
A2-A0YF,NP_001116539,-1.077966124
A2-A0YF,NP_061155,-0.684272192
A2-A0YF,NP_001035932,4.096837772
A2-A0YF,NP_077006,4.104408809
A2-A0YF,NP_000917,-3.171357897
A2-A0YF,NP_065178,0.561163421
A2-A0YF,NP_006836,-1.051467494
A2-A0YF,NP_006614,-2.508892146
A2-A0YF,NP_001784,-2.081128547
A2-A0YF,NP_006092,-0.207296851
A2-A0YF,NP_001153651,1.20091606
A2-A0YF,NP_001159403,-1.411091758
A2-A0YF,NP_000116,2.117011556
A2-A0YF,NP_004314,5.554262425
A2-A0YF,NP_060601,-0.37007415
A2-A0YF,NP_005931,-2.050844398
A2-A0YF,NP_003003,0.920787685
A2-A0YF,NP_113611,0.731511757
A2-A0YF,NP_002002,1.000283576
A2-A0YF,NP_004487,1.163060874
A2-A0YF,NP_008950,-2.826875707
A2-A0YF,NP_114172,-0.926545381
A2-A0YF,NP_001062,-1.062824049
A2-A0YF,NP_001444,-0.17408337
A2-A0YF,NP_057547,2.143510186
A2-A0YF,NP_054895,-1.149890977
A2-A0YF,NP_001246,-1.271027571
A2-A0YF,NP_055606,-0.881119158
A2-A0YF,NP_036451,3.017964977
A2-A0YF,NP_000624,2.253290225
A2-A0YF,NP_001159,-2.626243222
BH-A0DD,NP_057427,1.189353877
BH-A0DD,NP_002408,-1.680075017
BH-A0DD,NP_000415,-4.04741251
BH-A0DD,NP_000413,-2.822684887
BH-A0DD,NP_000517,-2.782799122
BH-A0DD,NP_004439,0.992271271
BH-A0DD,NP_005219,-1.098212085
BH-A0DD,NP_058519,0.689608698
BH-A0DD,NP_058518,1.123659675
BH-A0DD,NP_001116539,1.123659675
BH-A0DD,NP_061155,-0.406076742
BH-A0DD,NP_001035932,-0.335690097
BH-A0DD,NP_077006,-0.316920325
BH-A0DD,NP_000917,3.115601728
BH-A0DD,NP_065178,-0.826050391
BH-A0DD,NP_006836,1.158852998
BH-A0DD,NP_006614,0.684916255
BH-A0DD,NP_001784,-2.043739349
BH-A0DD,NP_006092,3.284529676
BH-A0DD,NP_001153651,4.581990166
BH-A0DD,NP_001159403,0.694301141
BH-A0DD,NP_000116,0.820997102
BH-A0DD,NP_004314,-0.994978339
BH-A0DD,NP_060601,2.188844236
BH-A0DD,NP_005931,0.593413616
BH-A0DD,NP_003003,-1.09117342
BH-A0DD,NP_113611,3.617693129
BH-A0DD,NP_002002,-1.565110163
BH-A0DD,NP_004487,0.361137688
BH-A0DD,NP_008950,3.58719225
BH-A0DD,NP_114172,1.895566549
BH-A0DD,NP_001062,1.14712189
BH-A0DD,NP_001444,-0.17408337
BH-A0DD,NP_057547,-0.659468664
BH-A0DD,NP_054895,2.925557787
BH-A0DD,NP_001246,2.212306451
BH-A0DD,NP_055606,-5.807078634
BH-A0DD,NP_036451,-3.385778047
BH-A0DD,NP_000624,1.947183422
BH-A0DD,NP_001159,2.378888177
BH-A0E9,NP_057427,-0.516858156
BH-A0E9,NP_002408,-2.851793087
BH-A0E9,NP_000415,4.855834931
BH-A0E9,NP_000413,5.738268534
BH-A0E9,NP_000517,5.51961242
BH-A0E9,NP_004439,-2.258297921
BH-A0E9,NP_005219,1.025448363
BH-A0E9,NP_058519,-0.278679174
BH-A0E9,NP_058518,-0.34115235
BH-A0E9,NP_001116539,-0.278679174
BH-A0E9,NP_061155,-2.531618063
BH-A0E9,NP_001035932,1.087921538
BH-A0E9,NP_077006,1.119158126
BH-A0E9,NP_000917,0.287483978
BH-A0E9,NP_065178,1.189440448
BH-A0E9,NP_006836,-0.173255691
BH-A0E9,NP_006614,-0.551999317
BH-A0E9,NP_001784,-2.32467567
BH-A0E9,NP_006092,-1.594520432
BH-A0E9,NP_001153651,2.5209
BH-A0E9,NP_001159403,-2.035737233
BH-A0E9,NP_000116,0.228915376
BH-A0E9,NP_004314,-0.212301425
BH-A0E9,NP_060601,-0.790178298
BH-A0E9,NP_005931,-1.85222228
BH-A0E9,NP_003003,7.624177518
BH-A0E9,NP_113611,-1.453955787
BH-A0E9,NP_002002,-3.296914462
BH-A0E9,NP_004487,-0.056118487
BH-A0E9,NP_008950,-0.587140478
BH-A0E9,NP_114172,-0.852651474
BH-A0E9,NP_001062,-1.368055171
BH-A0E9,NP_001444,-0.17408337
BH-A0E9,NP_057547,-0.872174341
BH-A0E9,NP_054895,0.7404145
BH-A0E9,NP_001246,0.045400423
BH-A0E9,NP_055606,2.333480473
BH-A0E9,NP_036451,1.490092605
BH-A0E9,NP_000624,0.998116349
BH-A0E9,NP_001159,-2.957216571
AR-A0TT,NP_057427,-1.349875399
AR-A0TT,NP_002408,0.455181036
AR-A0TT,NP_000415,-7.449721282
AR-A0TT,NP_000413,-5.494548592
AR-A0TT,NP_000517,-5.1393955
AR-A0TT,NP_004439,-4.773258292
AR-A0TT,NP_005219,-5.293173127
AR-A0TT,NP_058519,-3.345323181
AR-A0TT,NP_058518,-3.414889251
AR-A0TT,NP_001116539,-3.488116692
AR-A0TT,NP_061155,-0.749410378
AR-A0TT,NP_001035932,-1.240034236
AR-A0TT,NP_077006,-1.280309329
AR-A0TT,NP_000917,-3.121979485
AR-A0TT,NP_065178,1.227730545
AR-A0TT,NP_006836,-0.137961241
AR-A0TT,NP_006614,-3.048752043
AR-A0TT,NP_001784,-1.723335351
AR-A0TT,NP_006092,-0.247802403
AR-A0TT,NP_001153651,-2.173684116
AR-A0TT,NP_001159403,-0.698151169
AR-A0TT,NP_000116,-1.31692305
AR-A0TT,NP_004314,-0.793346843
AR-A0TT,NP_060601,-0.167252217
AR-A0TT,NP_005931,-1.902742582
AR-A0TT,NP_003003,-2.451948394
AR-A0TT,NP_113611,-0.438193751
AR-A0TT,NP_002002,2.201655518
AR-A0TT,NP_004487,-0.196543194
AR-A0TT,NP_008950,-2.071165698
AR-A0TT,NP_114172,-0.910510749
AR-A0TT,NP_001062,-0.379611798
AR-A0TT,NP_001444,-0.258786519
AR-A0TT,NP_057547,1.106905266
AR-A0TT,NP_054895,-4.008031528
AR-A0TT,NP_001246,-1.236372864
AR-A0TT,NP_055606,-0.657876076
AR-A0TT,NP_036451,-1.221727376
AR-A0TT,NP_000624,-0.29540024
AR-A0TT,NP_001159,-1.086256609
A2-A0SW,NP_057427,0.293751882
A2-A0SW,NP_002408,0.039676062
A2-A0SW,NP_000415,-5.945578368
A2-A0SW,NP_000413,-3.610653749
A2-A0SW,NP_000517,-1.899662154
A2-A0SW,NP_004439,-4.308558215
A2-A0SW,NP_005219,-3.372658677
A2-A0SW,NP_058519,-2.09906343
A2-A0SW,NP_058518,-1.976849745
A2-A0SW,NP_001116539,-1.565182595
A2-A0SW,NP_061155,-0.111482969
A2-A0SW,NP_001035932,0.62501529199999994
A2-A0SW,NP_077006,0.538179252
A2-A0SW,NP_000917,-1.864284509
A2-A0SW,NP_065178,1.027033994
A2-A0SW,NP_006836,1.107437734
A2-A0SW,NP_006614,1.326135908
A2-A0SW,NP_001784,-1.02486946
A2-A0SW,NP_006092,0.789038922
A2-A0SW,NP_001153651,-2.414246093
A2-A0SW,NP_001159403,-0.413801033
A2-A0SW,NP_000116,-1.783880768
A2-A0SW,NP_004314,-0.011782331
A2-A0SW,NP_060601,0.653960638
A2-A0SW,NP_005931,-2.288816258
A2-A0SW,NP_003003,-0.6903899
A2-A0SW,NP_113611,-1.066679405
A2-A0SW,NP_002002,1.786045302
A2-A0SW,NP_004487,0.213348141
A2-A0SW,NP_008950,2.374600682
A2-A0SW,NP_114172,0.920901056
A2-A0SW,NP_001062,0.518882355
A2-A0SW,NP_001444,-0.407368734
A2-A0SW,NP_057547,-0.371991088
A2-A0SW,NP_054895,0.419181717
A2-A0SW,NP_001246,-0.77400979
A2-A0SW,NP_055606,-0.108922292
A2-A0SW,NP_036451,-0.510285522
A2-A0SW,NP_000624,-0.317316545
A2-A0SW,NP_001159,0.313048779
AO-A0JL,NP_057427,1.359573052
AO-A0JL,NP_002408,-1.177327273
AO-A0JL,NP_000415,-6.194612819
AO-A0JL,NP_000413,-3.648293309
AO-A0JL,NP_000517,-2.263673205
AO-A0JL,NP_004439,-1.770735889
AO-A0JL,NP_005219,-1.959119577
AO-A0JL,NP_058519,-2.69067623
AO-A0JL,NP_058518,-2.618462483
AO-A0JL,NP_001116539,-2.831963996
AO-A0JL,NP_061155,2.304631218
AO-A0JL,NP_001035932,-2.988950402
AO-A0JL,NP_077006,-3.422232884
AO-A0JL,NP_000917,-2.191459458
AO-A0JL,NP_065178,0.998504318
AO-A0JL,NP_006836,0.301484674
AO-A0JL,NP_006614,0.109961258
AO-A0JL,NP_001784,-0.637294036
AO-A0JL,NP_006092,2.358006596
AO-A0JL,NP_001153651,-6.587078835
AO-A0JL,NP_001159403,-1.984237402
AO-A0JL,NP_000116,-4.003082587
AO-A0JL,NP_004314,-1.058017605
AO-A0JL,NP_060601,0.452191624
AO-A0JL,NP_005931,-2.452056893
AO-A0JL,NP_003003,5.039334416
AO-A0JL,NP_113611,0.640575312
AO-A0JL,NP_002002,1.94984194
AO-A0JL,NP_004487,-4.527417184
AO-A0JL,NP_008950,1.701803418
AO-A0JL,NP_114172,0.590339662
AO-A0JL,NP_001062,1.610751302
AO-A0JL,NP_001444,2.244976384
AO-A0JL,NP_057547,-1.868067461
AO-A0JL,NP_054895,3.585640294
AO-A0JL,NP_001246,-0.88219283
AO-A0JL,NP_055606,-0.108922292
AO-A0JL,NP_036451,1.617030759
AO-A0JL,NP_000624,-0.618455667
AO-A0JL,NP_001159,0.618597215
BH-A0BV,NP_057427,-1.358786751
BH-A0BV,NP_002408,-3.27831773
BH-A0BV,NP_000415,-2.701463861
BH-A0BV,NP_000413,-0.430516157
BH-A0BV,NP_000517,0.235849519
BH-A0BV,NP_004439,-3.62310395
BH-A0BV,NP_005219,-3.99772744
BH-A0BV,NP_058519,-1.521234105
BH-A0BV,NP_058518,-1.524549357
BH-A0BV,NP_001116539,-1.507973097
BH-A0BV,NP_061155,-2.432928439
BH-A0BV,NP_001035932,0.212642754
BH-A0BV,NP_077006,0.14302246
BH-A0BV,NP_000917,0.527591706
BH-A0BV,NP_065178,1.495645326
BH-A0BV,NP_006836,-1.985369402
BH-A0BV,NP_006614,-2.280426841
BH-A0BV,NP_001784,-0.281329812
BH-A0BV,NP_006092,-1.305742717
BH-A0BV,NP_001153651,-6.132749807
BH-A0BV,NP_001159403,-3.437449832
BH-A0BV,NP_000116,-0.874759941
BH-A0BV,NP_004314,3.12674937
BH-A0BV,NP_060601,-0.702366831
BH-A0BV,NP_005931,-1.143295363
BH-A0BV,NP_003003,-0.609539772
BH-A0BV,NP_113611,-1.033892043
BH-A0BV,NP_002002,1.992933144
BH-A0BV,NP_004487,0.835910153
BH-A0BV,NP_008950,-1.610745912
BH-A0BV,NP_114172,0.358513848
BH-A0BV,NP_001062,-1.531179862
BH-A0BV,NP_001444,-0.271384055
BH-A0BV,NP_057547,-0.583017755
BH-A0BV,NP_054895,-1.647213686
BH-A0BV,NP_001246,-1.478135828
BH-A0BV,NP_055606,-0.108922292
BH-A0BV,NP_036451,1.93988911
BH-A0BV,NP_000624,0.288893553
BH-A0BV,NP_001159,-1.756617006
A2-A0YM,NP_057427,7.71e-5
A2-A0YM,NP_002408,-1.320639803
A2-A0YM,NP_000415,0.291276793
A2-A0YM,NP_000413,-0.53417125
A2-A0YM,NP_000517,-0.781805664
A2-A0YM,NP_004439,-3.322351309
A2-A0YM,NP_005219,-0.373667464
A2-A0YM,NP_058519,-3.060959428
A2-A0YM,NP_058518,-3.060959428
A2-A0YM,NP_001116539,-2.939435133
A2-A0YM,NP_061155,3.184930768
A2-A0YM,NP_001035932,-2.41206555
A2-A0YM,NP_077006,-2.41206555
A2-A0YM,NP_000917,-2.377671881
A2-A0YM,NP_065178,1.575307083
A2-A0YM,NP_006836,-1.270195756
A2-A0YM,NP_006614,1.988031105
A2-A0YM,NP_001784,-0.281329812
A2-A0YM,NP_006092,0.889726625
A2-A0YM,NP_001153651,-3.28795764
A2-A0YM,NP_001159403,-2.464802508
A2-A0YM,NP_000116,-1.792979517
A2-A0YM,NP_004314,-0.90562287
A2-A0YM,NP_060601,0.169752498
A2-A0YM,NP_005931,0.380700331
A2-A0YM,NP_003003,4.436860301
A2-A0YM,NP_113611,-0.010265724
A2-A0YM,NP_002002,0.733808661
A2-A0YM,NP_004487,-3.283371818
A2-A0YM,NP_008950,-1.435285365
A2-A0YM,NP_114172,-0.5339927505
A2-A0YM,NP_001062,0.15599503
A2-A0YM,NP_001444,1.414803297
A2-A0YM,NP_057547,-0.37982826000000003
A2-A0YM,NP_054895,-2.194238983
A2-A0YM,NP_001246,1.621165308
A2-A0YM,NP_055606,-0.108922292
A2-A0YM,NP_036451,-0.425895892
A2-A0YM,NP_000624,-1.001925142
A2-A0YM,NP_001159,-0.414939866
BH-A0C7,NP_057427,0.944990311
BH-A0C7,NP_002408,-0.918145159
BH-A0C7,NP_000415,-1.125656056
BH-A0C7,NP_000413,-0.24429257
BH-A0C7,NP_000517,-0.474116467
BH-A0C7,NP_004439,-2.77904933
BH-A0C7,NP_005219,-2.540300233
BH-A0C7,NP_058519,1.812965997
BH-A0C7,NP_058518,1.812965997
BH-A0C7,NP_001116539,3.227610174
BH-A0C7,NP_061155,1.768339997
BH-A0C7,NP_001035932,-1.460351051
BH-A0C7,NP_077006,-1.460351051
BH-A0C7,NP_000917,-3.265472722
BH-A0C7,NP_065178,-2.073958541
BH-A0C7,NP_006836,-0.28222467
BH-A0C7,NP_006614,-0.188510071
BH-A0C7,NP_001784,-0.281329812
BH-A0C7,NP_006092,-0.585681465
BH-A0C7,NP_001153651,1.380093803
BH-A0C7,NP_001159403,1.5942986
BH-A0C7,NP_000116,0.875820012
BH-A0C7,NP_004314,0.277831621
BH-A0C7,NP_060601,0.177423123
BH-A0C7,NP_005931,1.317617405
BH-A0C7,NP_003003,-0.012237374
BH-A0C7,NP_113611,-0.010265724
BH-A0C7,NP_002002,-2.910696027
BH-A0C7,NP_004487,1.016391909
BH-A0C7,NP_008950,0.938296411
BH-A0C7,NP_114172,-0.5339927505
BH-A0C7,NP_001062,-0.103720673
BH-A0C7,NP_001444,-0.69278386300000006
BH-A0C7,NP_057547,-0.37982826000000003
BH-A0C7,NP_054895,1.065480509
BH-A0C7,NP_001246,-2.638477432
BH-A0C7,NP_055606,-0.108922292
BH-A0C7,NP_036451,-0.425895892
BH-A0C7,NP_000624,0.478648618
BH-A0C7,NP_001159,1.853129396
A2-A0SX,NP_057427,1.457488306
A2-A0SX,NP_002408,1.385987254
A2-A0SX,NP_000415,5.625403795
A2-A0SX,NP_000413,3.2718275
A2-A0SX,NP_000517,2.166540405
A2-A0SX,NP_004439,-4.891209269
A2-A0SX,NP_005219,-1.774955086
A2-A0SX,NP_058519,-4.414535589
A2-A0SX,NP_058518,-4.414535589
A2-A0SX,NP_001116539,-3.776984542
A2-A0SX,NP_061155,3.480372235
A2-A0SX,NP_001035932,-4.235782959
A2-A0SX,NP_077006,-4.235782959
A2-A0SX,NP_000917,-5.606219788
A2-A0SX,NP_065178,2.261875141
A2-A0SX,NP_006836,0.998689889
A2-A0SX,NP_006614,1.317465412
A2-A0SX,NP_001784,-0.281329812
A2-A0SX,NP_006092,0.501161736
A2-A0SX,NP_001153651,-5.367882948
A2-A0SX,NP_001159403,-2.263545608
A2-A0SX,NP_000116,-4.319200853
A2-A0SX,NP_004314,-1.19996746
A2-A0SX,NP_060601,-0.047012996
A2-A0SX,NP_005931,-1.691537192
A2-A0SX,NP_003003,1.30256936
A2-A0SX,NP_113611,-0.010265724
A2-A0SX,NP_002002,0.974856205
A2-A0SX,NP_004487,-5.650907946
A2-A0SX,NP_008950,-0.461123256
A2-A0SX,NP_114172,-0.5339927505
A2-A0SX,NP_001062,-0.642855096
A2-A0SX,NP_001444,3.399933552
A2-A0SX,NP_057547,-0.37982826000000003
A2-A0SX,NP_054895,-2.063938505
A2-A0SX,NP_001246,0.31347147400000003
A2-A0SX,NP_055606,-0.108922292
A2-A0SX,NP_036451,-0.425895892
A2-A0SX,NP_000624,-1.337011143
A2-A0SX,NP_001159,0.393910158
263d3f-I,NP_057427,-0.90501533
263d3f-I,NP_002408,-3.401099237
263d3f-I,NP_000415,2.897253328
263d3f-I,NP_000413,2.299599435
263d3f-I,NP_000517,2.405067769
263d3f-I,NP_004439,-1.951585722
263d3f-I,NP_005219,0.333561516
263d3f-I,NP_058519,-1.02130093
263d3f-I,NP_058518,-1.08620452
263d3f-I,NP_001116539,-1.032118195
263d3f-I,NP_061155,-1.938064141
263d3f-I,NP_001035932,-1.094317468
263d3f-I,NP_077006,-1.094317468
263d3f-I,NP_000917,0.179415489
263d3f-I,NP_065178,0.2145716
263d3f-I,NP_006836,-0.707600244
263d3f-I,NP_006614,-0.118059299
263d3f-I,NP_001784,0.04149536
263d3f-I,NP_006092,-2.592508675
263d3f-I,NP_001153651,3.597671239
263d3f-I,NP_001159403,-1.883977816
263d3f-I,NP_000116,-0.077494555
263d3f-I,NP_004314,2.44833683
263d3f-I,NP_060601,-2.227425981
263d3f-I,NP_005931,-1.386383624
263d3f-I,NP_003003,5.720559502
263d3f-I,NP_113611,-0.010265724
263d3f-I,NP_002002,0.644557885
263d3f-I,NP_004487,0.855494554
263d3f-I,NP_008950,-1.472921745
263d3f-I,NP_114172,-2.254469143
263d3f-I,NP_001062,-3.425438083
263d3f-I,NP_001444,-0.215414685
263d3f-I,NP_057547,1.604590157
263d3f-I,NP_054895,-0.756277936
263d3f-I,NP_001246,-0.6405220415
263d3f-I,NP_055606,0.046903992
263d3f-I,NP_036451,-2.876461883
263d3f-I,NP_000624,2.002124647
263d3f-I,NP_001159,-0.033554307
blcdb9-I,NP_057427,-1.778313867
blcdb9-I,NP_002408,-1.692016516
blcdb9-I,NP_000415,-0.323887775
blcdb9-I,NP_000413,-0.592251489
blcdb9-I,NP_000517,-0.61435203
blcdb9-I,NP_004439,-0.817466528
blcdb9-I,NP_005219,-0.79431358
blcdb9-I,NP_058519,-1.255267725
blcdb9-I,NP_058518,-1.734112785
blcdb9-I,NP_001116539,-1.811990882
blcdb9-I,NP_061155,-1.475220731
blcdb9-I,NP_001035932,0.338076055
blcdb9-I,NP_077006,0.338076055
blcdb9-I,NP_000917,1.102123337
blcdb9-I,NP_065178,-0.37019367
blcdb9-I,NP_006836,-0.944807742
blcdb9-I,NP_006614,0.983201377
blcdb9-I,NP_001784,-1.40470948
blcdb9-I,NP_006092,-2.142446594
blcdb9-I,NP_001153651,2.44709913
blcdb9-I,NP_001159403,-0.098672736
blcdb9-I,NP_000116,1.605173751
blcdb9-I,NP_004314,0.274931651
blcdb9-I,NP_060601,-2.075092563
blcdb9-I,NP_005931,-0.879558525
blcdb9-I,NP_003003,1.690418695
blcdb9-I,NP_113611,-0.010265724
blcdb9-I,NP_002002,-0.465962682
blcdb9-I,NP_004487,0.772720032
blcdb9-I,NP_008950,-0.551207627
blcdb9-I,NP_114172,-1.040576754
blcdb9-I,NP_001062,-2.285573908
blcdb9-I,NP_001444,-2.302412416
blcdb9-I,NP_057547,-0.624876098
blcdb9-I,NP_054895,-1.511002559
blcdb9-I,NP_001246,-0.6405220415
blcdb9-I,NP_055606,-0.333359435
blcdb9-I,NP_036451,-1.798309595
blcdb9-I,NP_000624,1.210521229
blcdb9-I,NP_001159,-0.033554307
c4155b-C,NP_057427,0.236681384
c4155b-C,NP_002408,-2.300132191
c4155b-C,NP_000415,-0.287098306
c4155b-C,NP_000413,0.283587028
c4155b-C,NP_000517,-0.009573246
c4155b-C,NP_004439,-0.578304179
c4155b-C,NP_005219,1.147432637
c4155b-C,NP_058519,-1.684495614
c4155b-C,NP_058518,-1.975701487
c4155b-C,NP_001116539,-1.954203067
c4155b-C,NP_061155,-0.887099668
c4155b-C,NP_001035932,-1.320976874
c4155b-C,NP_077006,-1.320976874
c4155b-C,NP_000917,0.611926536
c4155b-C,NP_065178,-0.042798077
c4155b-C,NP_006836,-0.752245942
c4155b-C,NP_006614,2.095317524
c4155b-C,NP_001784,-0.148335776
c4155b-C,NP_006092,-1.506645048
c4155b-C,NP_001153651,0.842545952
c4155b-C,NP_001159403,-0.285143904
c4155b-C,NP_000116,-0.523580928
c4155b-C,NP_004314,0.70182902
c4155b-C,NP_060601,-1.688404418
c4155b-C,NP_005931,-0.306642324
c4155b-C,NP_003003,4.665355931
c4155b-C,NP_113611,-0.010265724
c4155b-C,NP_002002,1.497270565
c4155b-C,NP_004487,-0.642799439
c4155b-C,NP_008950,0.181958133
c4155b-C,NP_114172,-2.563976438
c4155b-C,NP_001062,-1.174396737
c4155b-C,NP_001444,0.215182964
c4155b-C,NP_057547,0.111599667
c4155b-C,NP_054895,-0.971138947
c4155b-C,NP_001246,-0.6405220415
c4155b-C,NP_055606,1.241243925
c4155b-C,NP_036451,-1.805668528
c4155b-C,NP_000624,2.110952739
c4155b-C,NP_001159,-0.033554307
